task_id	task_path	qualifying_status_evidence	extracted_resolved_commit_ids	baseline_ancestry	unresolved_non_commit_tokens	disposition_or_canonical_reference
T-0004-proto-intake	build-protocol/tasks/T-0004-proto-intake/TASK.md	Status: Complete; integrated into main and verified	6ce0b65539e13181a62a16337a043df36d2e20cd,b66f2db2c2d98d41f3f5c6da53ed81a7fd73d6ad,8c82646764708d5d3b2ebd94278766e6b7b14b33,3f82056cc1f5bacc004046ada5d753b08f18cb85,feee5c06cd2748f1570bb8432a2c6d84e45bf3e5	all-resolved-commits-are-baseline-ancestors	019f0e05,d0c0c7155ec9	baseline@e6bdc0653a55c5c09a1af3742e74626b81c43217
T-0005-metadata-type-registry	build-protocol/tasks/T-0005-metadata-type-registry/TASK.md	Status: Complete; integrated into `main`	80714f3ddf0b7fb7855af7e8e362dd96e0cefb15,5705890eb5cdedaa2044375c6d5cccc304bdf283,a8ad2fad6070479f156cb54211b14f6bfdb80117,a46a95a2efb8c75a613bda7390d0fa008931d3aa,9e234fd083d2f4d1773acfc1526bbd0e120b2bcd,350fc318e114b99061484c99d70d062a47a971d6,2fcec212005dab62b29c83fbbc86f95544df5ad4	all-resolved-commits-are-baseline-ancestors	019f0ebf,387d2b3b9b13,019f0edc,0645ebc1db57,b5003e4855c2,81c7709dfab7,482060e40d9d,fcc97abb8f1f,019f0ef3,69e8ca886c05,f516eae40fad,3e6d5d553a20,3e9c1df57f07,019f0ef4,ef6243e032b7,019f0f01,86e907acec1c	baseline@e6bdc0653a55c5c09a1af3742e74626b81c43217
T-0006-validation-facade	build-protocol/tasks/T-0006-validation-facade/TASK.md	Status: Integrated into main	62ffc332ebc74aaa2378dcef87275ea34fb71ca9,e9536621cfdbe93223491f199a0a588926448bed,4726985e1786929f5222707dc7abf77c448e8fa3,7d519d1f4555ffab058d1642065947355c0acf9e,0cecc9304eaf4ba2d16b3c4b5101d1b1c4ffbc89,15b7933216b038888e10ab3cbbefc93c7a79d78d,74d56ab798eb3fad09759d69e480985320af363a,76f6b017c55e51f5af639a837b2b529a469d47ac,9560d2e330cf76c9af910ab5c59d26aac278a9a5,9b51b43dac2db509c428fcc849411bbbf170948d,86aa522e31a692b49abb2de4aae7d41c8224f0ed,76cbe19beeef0703dded45b3aee66e6b95b0da93,876a5586ce20dba7e5ea2b6af50ca2b3c1ce7bb3,2e371b61c08ab5f67ecffb90a48a5ddf4ed0b616,2df2abf98a7a26c38e04f3abb0c4071bc0314a33,38bb610538834a4de74c68b813cd67af941bc2c1,52e0a26dbceeae6454463c338ca170e7e790d8a6,5f215e3416bc3da8c254c59823a4d430c7e15ee6,9b9b2ead3000f1de37ab6a8d307f8a922be72539,a012b644bc43addb6e4c3facc26f09dc2b895be8	all-resolved-commits-are-baseline-ancestors	019f0f0b,31329ce630dd,feedbac,cceeded,019f0f5e,b026fe155a9d,b2d1b4dddfa7,25c78da7a65d,6263831be036,e52dd54649a6,019f0f6d,9a3e0ddf9423,d4f0cd4c8c11,2fcb5307252e,8a87437c05f2,c74a00af01e0,019f0f71,01ca75bd2998,8c73c2fd97bf,8588345f5cab,8d8f9919c042,64ced20328d8,019f0f75,dc31cb431a67,7e163b25a345,e9946c8054c7,747cad2e932c,b525dce797d1,019f0f79,9a92768b4c52,dadb744bfcd3,3be2369b09e1,381d6fddb5f6,558867e02d4d,019f0f7d,e594a97cd6f2,531b72693fca,9ca4d068d6b4,bdbc6a77b97a,f1a589bc36b3	baseline@e6bdc0653a55c5c09a1af3742e74626b81c43217
T-0007-core-envelopes-context	build-protocol/tasks/T-0007-core-envelopes-context/TASK.md	Status: Integrated to `main`	f3807443e1ccaaeabdb1cfb6cc3b2cdfb9a841e3,9d35f3e81f1feef5ba9381897d637d5fe050aaa0,6cb1c125290a4514b8b6aec1ba9567499c1dcfa8,b0a14b0deec602e01dd2008fe1b6cf64aee5e7bb,6c53e6e90bc9794f0dbb6ce3f068cad7889280bc,44af7bcc00e5c6c28de8440e494f83fd4e5f0652	all-resolved-commits-are-baseline-ancestors	019f0faa,bc50a6d72920,1a57f2c5f526,d0239d1646d2,c385f62ba7ce,cbb0500fd302	baseline@e6bdc0653a55c5c09a1af3742e74626b81c43217
T-0007b-envelope-construction	build-protocol/tasks/T-0007b-envelope-construction/TASK.md	Status: Integrated into `main`	c31308615f7852c3fef5a5fe720a3fbcce7647e2,57fc257788bcfea62cd06f8111917227f5ce9a74,4656a1e077d983bf8832a936905d38b6c20f7beb,66cd115bf4adbd34db0a3718ff6bd36dfbf8a074,7d80347e6b357f47a4e1b3bf041da597dbcc2a1e,2fe6850be59a78e6331b0b8cd84fa8fb0641b281,8097a93a1074837b21586e83df3b0a66bdda99f4,77f9c2d4a94b5f7b9336c410d47ec847143e5231,dfdf21e2384342468c96bc41aeffbe70bfe7c800,0353f8a2f877d082ea9d51bf8b09b5c9af55bdbf	all-resolved-commits-are-baseline-ancestors	019f0fc3,a174936c045d,019f0fcc,688a5be1d662,eb2f4740ab52,81a07c880947,e2f678ad60c6,019f0fcd,7571d880095d,9be22957fb2ce59169ca36ee4ee921ba40346581	baseline@e6bdc0653a55c5c09a1af3742e74626b81c43217
T-0008a-storage-contracts	build-protocol/tasks/T-0008a-storage-contracts/TASK.md	Status: Complete	db7130e30f04543e8501d2ce97583ce35b5f88a9,0a6908e97458841281798ec4bd60f193a980d0fd,f1911d72c4f92c91423dee0cc77d8ed7d33ad81d,0760abf453c7ed67492ba7efed3f20e7cfa94859,d1ff2d96e1e67eeb072d8ac3868ec9fb2c54b475,baee5ae647fa67430f4e7fbe2e476c47edad3532,f82c2487cbfe99d22596e4bb9ccb2e246ae784d5,d0d204984ba51675337c6551a2ba0f72b438ef06,264c4a5fe6a0e4315a5df1cedae2fb436579e9bc,9613f84517b1b339a299339c83ba827735bbe4fe,7b489418c58b2c11171baf70d04db1d009aa5501,fa94e24bb19d6518311dc4470a404ece3853ac31,981e0c32ab83cdfaa6acfb467354286177a11267	all-resolved-commits-are-baseline-ancestors	019f0ff4,9120294e9083,019f1004,4a71a8fea916,13e86daebd3a,dde078c55143,5ecef92ba29e,019f1005,e6bb1ee956c9,88e693c9e8d5f18334bda0d75ef9db29d0255490,019f102a,af2ac0ab0d03,740b8d1dfb2d,dee1e90af241,67abd0923979,6f03c8c4d43d	baseline@e6bdc0653a55c5c09a1af3742e74626b81c43217
T-0009a-entity-metadata	build-protocol/tasks/T-0009a-entity-metadata/TASK.md	Status: Complete	dd4a365ecfb8b48c476022e63008ee6b4204a96f,5b411112e6cd18fda815363c5d07a69a68c9d8e4,d24ef863ba1ae149c8f0a9071f429121604456a0,ec825a42aa62f55cbc5b945a7278a48f58633247,3194b9059ca79567c012d8ce66ce87fe83861902,a12e4f733a118441e076dc8f23ca91e6e0feff62,04d79eda430556635a35b9d247976ca0e4fd8f12,3a1e85150c838f7b03401ccdd0420717fbee7622,3723eeb349fa482893890f547708dbacef7295d6,b19a9dcd072a1e233c973e401f35d12f224de1f7,a27ed0aae001f544c64957eb71ef7c39eb3d3cf2,0b5053e2b11f0a6f53fb74f8541ebca76b2ffbb3,ce02f448409889157872b2dc1e2ba927c7653f48,d4f7f7beffd4eb2686cca1fc94b2b795c9759484,5b289a821755e49cc4842fca2b44bff5cd6b72e8	all-resolved-commits-are-baseline-ancestors	019f103e,49c49b017dbf,019f1056,8094ad784a03,dc5c901887b8,24587c5ea99d,246d91c21fa8,756c7e49b061,019f1035,6454f95303e7,019f1067,5f7b209d354b,f82c25bde3ec,59caf4d38545,81e59194cf72,735fde237f1f,019f106e,99d2da45460a,fc474169892d,76134ecec087,b88ec1b8e92c,fd02993e9953,019f1083,d07f04aef5f8,cc40bfc405bd,019f1084,719f183f5ea7,aef521411eea,8780c769d469	baseline@e6bdc0653a55c5c09a1af3742e74626b81c43217
T-0009b-handler-metadata	build-protocol/tasks/T-0009b-handler-metadata/TASK.md	Status: Complete and integrated	11a6c70ed905a1389e608dcfe5d5c015be07152c,2b03b6b484ae6a29c5fd9c9a545a438c270dca52,b1d158eda2e9998136a78aa7163bc5ee9c553d43,28d8e419918c14ac1d54079bc912931ce8b23bd9,195112ab968b4560c5efab1c557a56ba59a0182b,b6c8251a7404c974b073615b1a2aa888444bdac4,6b514ac2f2f44af40358bf66135097740befef69,9d87aebf31fa347ba719910b18a29ac2152b54a6,a536eed8425c7f8dab8d38751fbd302ae344902d,174c7f1344d64726d54878657204d28865bede8d,d2004471392a890f1629a10b5f88d3b6b37ec9f1	all-resolved-commits-are-baseline-ancestors	019f1097,706db486721e,019f109d,cc93b9ead054	baseline@e6bdc0653a55c5c09a1af3742e74626b81c43217
T-0009b3-handler-registry-validation	build-protocol/tasks/T-0009b3-handler-registry-validation/TASK.md	Status: Complete and integrated	3ecdaf09c8ebb741c1de702cba8ab9d5a6b653bd,041dc61b5f012351081ad3138c43b3182b0cc6ac,6a993212a5fa436a19214fc03ac52901a4035bdd,2c03b6a82902e4abdc066c67703354bf9140944f,19876ac756c96f425d6868b5e68f46e3957e913b,5975f7dc4e7f54e24d24f3e6c686edc28483fe20,d4f92aca1e7ffd4a94d2234d7c27137b8f043dbc,a83646257df8f3fdbf3055b94919428275987bca	all-resolved-commits-are-baseline-ancestors	019f1334,6dbd12020957	baseline@e6bdc0653a55c5c09a1af3742e74626b81c43217
T-0009c1-decorator-metadata-collection	build-protocol/tasks/T-0009c1-decorator-metadata-collection/TASK.md	Status: Complete and integrated	de0860f1f3c5a3eedbfb4e476b0aa1c18575cec4,e711edc87d3640c279c9d2dbd6431337675595ed,07e40c0ec49fcc885cbdcbc527a29bde4f76072b,39008b772f284646ba1facf971523370afd04383,f84ca921ffea8828b23c2af58594f4c9462e88c6,e480a33f076fa750f8f49560ea59f041c8a2d821,461179546eed16cd3fd4f65f6ed175a6c3c956f4,6d4a8d027e6f124a73a5245516e0b0b9fcee7d3e,f33690fffa0e35619a10fb28e3b2ed6630ff468a	all-resolved-commits-are-baseline-ancestors	019f135f,8ba84237d0af,019f1368,b20e86b54e1b	baseline@e6bdc0653a55c5c09a1af3742e74626b81c43217
T-0009d1-set-once-transition-validation	build-protocol/tasks/T-0009d1-set-once-transition-validation/TASK.md	Status: Complete and integrated to `main`	1d939d7767d24ceb72c0e71ff73a194c4b668def,88cb0f330a0a24ff8eee0bde2c3ea35ee4a4085c,345c093181dc3ae2e450f8e8d5220afead3fec2b,e32f9066259e9031bed4ad1127bea77f8f612ccb,cd98ca3a51c41390650bb77a57866713c7fd4e98,70c00528918dc81167de11161cac07dc348a114f,01cfb4788737c828faa82132c30723d002f15eda,3ccca04819ff11e81479b8929b944a64753875c2,e2369ccebe26062bb0092a6f9fd5d0c3724f5d19,d61874b6815adbc6fe161bcb2dba3672e986591f,3d2cb06c5f86e95a505054890024b941af0526fc	all-resolved-commits-are-baseline-ancestors	019f13a4,7b16366b0701	baseline@e6bdc0653a55c5c09a1af3742e74626b81c43217
T-0009d2-entity-transaction-kernel	build-protocol/tasks/T-0009d2-entity-transaction-kernel/TASK.md	Status: Complete and integrated to `main`	3d081953d7ecb35ae36c6607cde622d2727fbf6e,9e145b9e9465f33d70303fdcbcec3570598b095c,2b3f3e9b6137e215969672597ae9af7425720508,5c182d3dc8a4f86dd113b4dd7bc904964fd40e86,5367bb81905ee2cacacd1afacdc49be115aa65d2,7b13f1c97735e7d896eb8c2b4c0239b2b72cce39,ca95f41ec5bded5acb227c23862f19732fce421e,285710cf976e076031cec01e8ea6cbf62930a1a4,7c267eed9ef4297dc784266420e30be1f262fc33	all-resolved-commits-are-baseline-ancestors	019f14c2,3f891b1880f7,019f14c7,d0ce2dc487bf,019f14db,46a44d0c00e3,019f14d7,cba488c467e1,f1425c74df13,7dbda8f50b8b,ccc03d6d3c6a,019f14d8,dd1a2bbe5526,019f14e4,816465957fa2,1a85a798ba42,b3f76562e306,a9fc38b43240,5a68966374d0,0009d2c	baseline@e6bdc0653a55c5c09a1af3742e74626b81c43217
T-0009d2b-lifecycle-version-helpers	build-protocol/tasks/T-0009d2b-lifecycle-version-helpers/TASK.md	Status: Complete	2127b864459c233f789658d8f4d773004ffb2f94,5c182d3dc8a4f86dd113b4dd7bc904964fd40e86,3bdf0766bb61d99fe7900c36f69e5f68e3b70431,7a9363ecb571e5de3f23af15775fefbe0e55e305	all-resolved-commits-are-baseline-ancestors	0009d2b,019f14c2,3f891b1880f7,019f14f3,c447260122c6,019f1500,f2d7273aa79c,a0eca1b0408a,c500411fcfaa,edf650aac991,8fca64c8fcee	baseline@e6bdc0653a55c5c09a1af3742e74626b81c43217
T-0009d2c-public-api-closure	build-protocol/tasks/T-0009d2c-public-api-closure/TASK.md	Status: Complete	5367bb81905ee2cacacd1afacdc49be115aa65d2,8e8230a93b184dd447807ffeb6d527b2e4cd0126,4807f6f11b7c1931237bd70b0676078a885c5a6c,b6abcd6d836b60637341d7da90ea00ce9cd24142,e606cfffcf9b43b58a7c76c50c64c727df425a51,5361b7e84e252fef606cde095f5d0065647cb3a9,19b4805140c96d4768b186ce8cdb576dde534a6d	all-resolved-commits-are-baseline-ancestors	0009d2c,019f14c2,3f891b1880f7,019f1510,a2230ae582ad,019f151d,70aa07809628,019f151a,3a660a96bf2e,b16ba546ba02,224328e56ef5,12db5c964d05,d440c7c2f436,019f1522,239e5aae1690,e89b69d03b66,7dc6886be5fd,768d2c7ac10a,971fa574543d	baseline@e6bdc0653a55c5c09a1af3742e74626b81c43217
T-0009e-entity-base-classes	build-protocol/tasks/T-0009e-entity-base-classes/TASK.md	Status: Integrated To Main; Main Verification Passed	47eae4e183885740214c87baee9e0d56c96b91ec,26aa51030c8c7f43e3f16dfa1ce6e47d1b754f87,94dd6d1e79923f62b228f4af13a0edfed1f03650,3ff607b11bf68a117d3463c8800ac1f506f76212,f499ca8dc0123a6018ffb844473e48eec9a97ab8	all-resolved-commits-are-baseline-ancestors	019f1531,b24fc9a456c8,019f16b1,01320fe4dff0,019f16b3,1f8166478645	baseline@e6bdc0653a55c5c09a1af3742e74626b81c43217
T-0009e1-common-entity-state-shell	build-protocol/tasks/T-0009e1-common-entity-state-shell/TASK.md	Status: Round 8 Review Complete; Integration Pending	2ca23fd4537ce849cf6274cf914d06cbd25d3287,4ade81d0c11b02d7bed354229c7e8cbb5c1b9d0e,aef6297d7df582fc87dd54722cf17d6e9d1e1082,50a1802cfdd99c555583dae87a31a99cfe163742,7bcb7f83a69d2d17add2dc0e428af65e2d67fea4,ae5110cce4c0d1c68c3629671eb79ddbda43f767,bff6e5efd3aac9dcf74261e363a15f8f104c5e14,98842f865b0d3a56c51a49b30f3bb887c21a9952,258d361d266133f883db9fa4b326d02dd82d68df,c79f92549b02eb80675c20ee19306623d6fe076d,a6a3791bfbad8abcc82ebc558be51636a4df33a1,5c62059fad07ad2609bae893049f1e9b637913b3	all-resolved-commits-are-baseline-ancestors	019f1531,b24fc9a456c8	baseline@e6bdc0653a55c5c09a1af3742e74626b81c43217
T-0009e2-transactional-entity-draft-helpers	build-protocol/tasks/T-0009e2-transactional-entity-draft-helpers/TASK.md	Status: Implementation Complete; Review Clean	bd8d02e7280318c0256a2dca268018dd836e4698,13f8a05a4023ae9b97f41fdf01714742470e275a,a7acaca323daca6acb359c1a6174eadb68e51989,4e250b2a0dfc05254f113bac74b976730ff22ef8,424638547b061caa2db648abdbb22f6b82a7639a,bd4052afb741ee207109d5209695b2df6c6c35f4,23b757f3636d724b620ee07567ac21216007fafe,f97701ab144702d7bffe62c5ea0f9bc34f283d6a,623f0d70c26c1dc6b09317a5c1048ebf11d0de08,b9456dc80c70be1842ec3810e12b62cb64975e66,f3a067dbcbf49370355aa4d45a1d82bf06d7ddbb,8be45712cf92bcf3b5130c6840376961901a8e1c,808760f7ca2e0059186bad06027eef470453b90f,9e1a9cff27979a2b3cf7a68fe3f80fcf1e181938	all-resolved-commits-are-baseline-ancestors	019f1531,b24fc9a456c8,019f15ba,bd61564e0eb6	baseline@e6bdc0653a55c5c09a1af3742e74626b81c43217
T-0009e3-family-capability-marker-classes	build-protocol/tasks/T-0009e3-family-capability-marker-classes/TASK.md	Status: Complete; Round 3 Clean	26aa51030c8c7f43e3f16dfa1ce6e47d1b754f87	all-resolved-commits-are-baseline-ancestors	-	baseline@e6bdc0653a55c5c09a1af3742e74626b81c43217
T-0009e4-public-api-closure-and-verification	build-protocol/tasks/T-0009e4-public-api-closure-and-verification/TASK.md	Status: Complete; Integrated into parent branch as `f499ca8`; Parent Integration Verified	f499ca8dc0123a6018ffb844473e48eec9a97ab8,94dd6d1e79923f62b228f4af13a0edfed1f03650,7b602e42d86edd037b2f55fd057635c4ea231fa6	all-resolved-commits-are-baseline-ancestors	019f167d,62a098edf5f1,2cbf7c8a40df,d15971f21c13,131ca8d9f61b,2e5f88791cee	baseline@e6bdc0653a55c5c09a1af3742e74626b81c43217
T-0009f-repository-seams	build-protocol/tasks/T-0009f-repository-seams/TASK.md	Status: Integrated To Main; Main Verification Passed	ec70945b831367882513fc56834755177c58a599,341948ed2515e068194518f367f2c51db9dc45b5,748798bb6888f92ed609b95ce8fa29e26742fe5f,32a664e3ba154804011dc04a689867fe3199da2b,855da4ab80747ec70a8e2e97a4f4d85a988ba860,28cabb48b8e7c1080e563f6d181d93630667c61e,42f381f707c0f9a948c6f99ed499922704a1d2f3,7613ff3b7405a77d234325d76fcea337b81f4f59,730be054f092cc2003ee32d92573bd20b7a4cc19	all-resolved-commits-are-baseline-ancestors	019f16c7,7c4ce7fc8e9c	baseline@e6bdc0653a55c5c09a1af3742e74626b81c43217
T-0009f2-repository-identity-seam	build-protocol/tasks/T-0009f2-repository-identity-seam/TASK.md	Status: Integrated Into Parent; Parent Verification Passed	a6e72bed3a2e92c8263d8dba659fa24192492b50	all-resolved-commits-are-baseline-ancestors	-	baseline@e6bdc0653a55c5c09a1af3742e74626b81c43217
T-0009f3-builder-registration	build-protocol/tasks/T-0009f3-builder-registration/TASK.md	Status: Integrated Into Parent; Parent Verification Passed	40c1b528f00bd29400ec28c73002323278b8e7fc,108d5fa5509555d7051152854a1cb124a5cfa292	all-resolved-commits-are-baseline-ancestors	-	baseline@e6bdc0653a55c5c09a1af3742e74626b81c43217
T-0009f4-context-snapshot-public-closure	build-protocol/tasks/T-0009f4-context-snapshot-public-closure/TASK.md	Status: Complete; Final Verification Passed	855da4ab80747ec70a8e2e97a4f4d85a988ba860,b828c41a91df5935b421c4c52fa1f02e627da123,fc5b3490bdca81d5910214b7d49f946ab26378de	all-resolved-commits-are-baseline-ancestors	019f1886,211d5758a3a6,019f188e,4b37a97e891a,47618dd44a6b,6319bdaf0d15,3b74fdfd1654,40fe2d15e0b3,019f1891,59a601487384,019f1897,8db8e027737f,ba7bbfb2b280	baseline@e6bdc0653a55c5c09a1af3742e74626b81c43217
T-0009f5-verification-review-closure	build-protocol/tasks/T-0009f5-verification-review-closure/TASK.md	Status: Complete; Final Verification Passed	42f381f707c0f9a948c6f99ed499922704a1d2f3,81925221e64ee36c1cc6aab8db57b0fc330e0abb	all-resolved-commits-are-baseline-ancestors	019f18b3,a8a6f6f48210,fe41bd100873,7e4c4ac3f4d9,2c96049cb294,019f18b4,510de53c2f40	baseline@e6bdc0653a55c5c09a1af3742e74626b81c43217
T-0010-1-runtime-lifecycle-queue	build-protocol/tasks/T-0010-1-runtime-lifecycle-queue/TASK.md	Status: Complete; Final Verification Passed	70692a9b6572420c3f4d7d492cd61755564ccdea,450b8c007e3acbfa19d4f3bfd4e8bd48d3027e93,b95cf56b27ab8cf96cf605fc1b6b7ddca38a8fb0	all-resolved-commits-are-baseline-ancestors	-	baseline@e6bdc0653a55c5c09a1af3742e74626b81c43217
T-0010-2-bounded-context-runtime-handle	build-protocol/tasks/T-0010-2-bounded-context-runtime-handle/TASK.md	Status: Review Complete; No Open Findings	d570bba22a6b363e198d8089911167a18d5d5a76,f8fe7fd6d03c17f7476b3d0dd27723775d167be7	all-resolved-commits-are-baseline-ancestors	-	baseline@e6bdc0653a55c5c09a1af3742e74626b81c43217
T-0010-3-write-side-signal-intake-result	build-protocol/tasks/T-0010-3-write-side-signal-intake-result/TASK.md	Status: Review Complete; No Open Findings	4d58ba8d1d7ba6e821421b86a59f20cc584eb641	all-resolved-commits-are-baseline-ancestors	-	baseline@e6bdc0653a55c5c09a1af3742e74626b81c43217
T-0010-4-command-registration-readiness	build-protocol/tasks/T-0010-4-command-registration-readiness/TASK.md	Status: Review Complete; No Open Findings	e5e7b1d1a39f074835cdb203c05c3dc59f9d6d51	all-resolved-commits-are-baseline-ancestors	feedbac	baseline@e6bdc0653a55c5c09a1af3742e74626b81c43217
T-0010-5-event-registration-readiness	build-protocol/tasks/T-0010-5-event-registration-readiness/TASK.md	Status: Review Complete; No Open Findings	20aaad19b18a692166ebabdff30f76535c6641b2,dc55fa3382ed1a1c917abce200ffd10ce701c12b	all-resolved-commits-are-baseline-ancestors	019f198d,4c49d776e370,019f199d,5ea128774140,019f1999,1c54f56daa6e,f23f3a75c943,019f199a,78f8c7286dac,5a3a08efd62e,bdc51f12ef81,019f19a9,5af1130724fa,897228a52f87,019f19af,99ca1fbc69ee,1704f5bcdc1a,71072b39822b,019f19aa,c56d2d2662db	baseline@e6bdc0653a55c5c09a1af3742e74626b81c43217
T-0010-6-runtime-closure-docs	build-protocol/tasks/T-0010-6-runtime-closure-docs/TASK.md	Status: Complete; Integrated Into Parent T-0010	94a28bf0c9a0d0a2cb3711a932beac7422942f37,d94bb390b591b1ad257475acac577eb93b21d32f,bf92cd88cc23612cf04f53274e40ac6d88b636bb,a82655dbf5f0a61a9f2b92105aea05f0633c9d30,cbff7f58713ceba0cf70a22930d922f1eae334ce,2441543972cec6cf6c9f83b4214648ba3edfc0d6,a2beb6862b595190a8ab21de5a3801af58393978,64c8e4ceacee875efa3cfd2eabe990c0af121de3,8dfbafb5c88b4747555debc5352a6b001e5b32e4	all-resolved-commits-are-baseline-ancestors	019f19c2,edc7c336018f,019f19ce,3d9653288000,bbd32c1e5c10,b06466ada00d,178a3350a124,c1476529a214,019f19d0,b1c448e8d5df,019f19d4,012db5290987,019f19d8,d009a7f14ecb,019f19dc,aebb531530e6,019f19df,c05deb7db5ae,cceeded	baseline@e6bdc0653a55c5c09a1af3742e74626b81c43217
T-0010-single-process-async-runtime	build-protocol/tasks/T-0010-single-process-async-runtime/TASK.md	Status: Complete and integrated	169af028fda821f37695974e3bff6f562befa454,556c23a7aa3c4b2ad70ff5b8efde3bd4ab7c54e8,d8ce7360617d44c7febb4e107e14c938fd6b9a13,575e1d3946f46ef376f04dc12bdfa025762dbb60,032257b6a49bf057ec4ebf484c1f6b4ca90b83a9,480d14ccdf282e9b002a1824d88cb12b0f10400f,64c8e4ceacee875efa3cfd2eabe990c0af121de3,8dfbafb5c88b4747555debc5352a6b001e5b32e4,70692a9b6572420c3f4d7d492cd61755564ccdea,d570bba22a6b363e198d8089911167a18d5d5a76,4d58ba8d1d7ba6e821421b86a59f20cc584eb641,e5e7b1d1a39f074835cdb203c05c3dc59f9d6d51,20aaad19b18a692166ebabdff30f76535c6641b2,94a28bf0c9a0d0a2cb3711a932beac7422942f37	all-resolved-commits-are-baseline-ancestors	019f18d6,be8943200c99,019f18e2,fb3cf0b5859f,019f18f1,994735ee337c,019f195f,5f7f1d94ebe2,019f196c,f1b9d8939ec2,019f198d,4c49d776e370,019f199d,5ea128774140,019f19c2,edc7c336018f,019f19d0,b1c448e8d5df,019f19d4,012db5290987,019f19d8,d009a7f14ecb,019f19dc,aebb531530e6,019f1979,ee0e8bb0ad4c,1f56c2adff15,fd272e8f5468,7f59499e1dda,38c286f5da1c,019f19df,c05deb7db5ae	baseline@e6bdc0653a55c5c09a1af3742e74626b81c43217
T-0011-1-transport-contracts	build-protocol/tasks/T-0011-1-transport-contracts/TASK.md	Status: Complete	7b54d6ca646e77610942369060f47889aaa228cd	all-resolved-commits-are-baseline-ancestors	019f1a2f,01dc736c4f74	baseline@e6bdc0653a55c5c09a1af3742e74626b81c43217
T-0011-2-zmq-adapter-package-wiring	build-protocol/tasks/T-0011-2-zmq-adapter-package-wiring/TASK.md	Status: Complete	54d7ba09589f3135dcd8ef7603f01504860602d4,1799a9e364b72f562159ab338b1f608db62b19ba	all-resolved-commits-are-baseline-ancestors	019f1a4d,f2f18c8bd38a,4b6dc94eb8b6,d61a1144566c,4a637f1a0eed,db11dbac71c2	baseline@e6bdc0653a55c5c09a1af3742e74626b81c43217
T-0011-3-local-ipc-smoke-tests	build-protocol/tasks/T-0011-3-local-ipc-smoke-tests/TASK.md	Status: Complete; Final Verification Passed	08d7e82539312b391a9b771ffbbed38b01733e37	all-resolved-commits-are-baseline-ancestors	019f1a60,661b1b25b57d,019f1a6b,3899e5b86b05,a99036203f99,2c2e49e66936,4318a47d8b13,46255fecc2bf,019f1a74,936c237d2dad,019f1a7b,e2ee71abb3b1	baseline@e6bdc0653a55c5c09a1af3742e74626b81c43217
T-0011-4-broker-worker-lifecycle-seam	build-protocol/tasks/T-0011-4-broker-worker-lifecycle-seam/TASK.md	Status: Complete; Final Verification Passed	4ed7db695f6ff02f60935ac56ae892255f398bcc	all-resolved-commits-are-baseline-ancestors	019f1a89,2b0bc7e6c316,019f1a97,516b18a137ef,019f1aa4,46b0c4a235a4,019f1a94,1eb563411539,019f1aa2,4995cc59cde6,019f1aaa,da2d204e2294,aff40e8c9fb1,534177b48228,80d78fdb4694,28df7ad3e1d9,704a9a3c02e9,d8465a472dbe,b3a89e51c17b,019f1a95,3380ac9840be,5952ebd45c0d	baseline@e6bdc0653a55c5c09a1af3742e74626b81c43217
T-0011-5-delivery-retry-boundary-contracts	build-protocol/tasks/T-0011-5-delivery-retry-boundary-contracts/TASK.md	Status: Complete; Final Review Clean	bc028bc27244b84b0d0074eb977fc990162134eb	all-resolved-commits-are-baseline-ancestors	019f1ac0,58c84f0d3e85	baseline@e6bdc0653a55c5c09a1af3742e74626b81c43217
T-0011-6-server-runtime-wiring-integration	build-protocol/tasks/T-0011-6-server-runtime-wiring-integration/TASK.md	Status: Complete	78346ab1a65682b64cfc5b4a3f6c35c57a960e28	all-resolved-commits-are-baseline-ancestors	019f1b72,b734213b1035	baseline@e6bdc0653a55c5c09a1af3742e74626b81c43217
T-0011-7-documentation-closure	build-protocol/tasks/T-0011-7-documentation-closure/TASK.md	Status: Complete	bac132c7ed261eadc8ab06173308469d95182089,05b63fb252420b61a56f8d5b20c6ca1dab984688	all-resolved-commits-are-baseline-ancestors	019f1bca,d6af149a4c60,019f1bd8,2e5dc4020810,9672985dc13c,5b75fdc1ae77,7f01b70a748e,019f1bd9,0f1c2c57e61d,019f1bdf,8da7b934e799,6784faebe885	baseline@e6bdc0653a55c5c09a1af3742e74626b81c43217
T-0011-transport-foundation	build-protocol/tasks/T-0011-transport-foundation/TASK.md	Status: Complete	194ce9ee22c98159f16fddc92589298f9e2f9925,6c86ad1c9bf405a3600305d694e76da155051320,e9d14c3e0af22e77218a67bb17e9d2f1217f789f,6f5c53c899b0aef929fc9ca9d3912f07f6c4bc9c,78e3b0a6d53361fe2c9c6060af0202325ed20d78,d3d6269751997619f41d05ba4c9aa4db2fcf5293,05b63fb252420b61a56f8d5b20c6ca1dab984688,b9253ba51a4e5cc644c7cfc926df52b9238c6ca1,0d7d369dc44b3c8cc3f617b04182af9edf5d05ca	all-resolved-commits-are-baseline-ancestors	-	baseline@e6bdc0653a55c5c09a1af3742e74626b81c43217
T-0012-1-cleanup-enforcement-baseline	build-protocol/tasks/T-0012-1-cleanup-enforcement-baseline/TASK.md	Status: Complete; ready to merge into parent corrective branch	a65ac4d8bfbacce9397592ba5b9b125a5f02c95e	all-resolved-commits-are-baseline-ancestors	-	baseline@e6bdc0653a55c5c09a1af3742e74626b81c43217
T-0012-11-missing-details-example-readiness	build-protocol/tasks/T-0012-11-missing-details-example-readiness/TASK.md	Status: review complete; ready for main integration	3901ec4f988ab5db08fbad8f9a6f1742d11e17e9,8804e93cbf25409ca2c840e2b352a8435c2fedc8,1a7b6c8ca7f1c7d05a3ff3a7f06b9005df73c5bb,cb46983b8f8dc566d190a33d24bac6ad7f874770,413c5f730685fab76127b9b487ff5d7499e2dee6,764b9463c22715fd098285edfd6717cd81f8121c,a0c6ddea67dc2ff912e7a03d9290a166f1796bb7,9174df83c212b676ce2a38389076806b88eb4291,c9ed81d62f58154170c21b1f36e79e63070a504c,6cdd7604d835a1cf76805d4ab838671304ab0a7b	all-resolved-commits-are-baseline-ancestors	-	baseline@e6bdc0653a55c5c09a1af3742e74626b81c43217
T-0012-11a-aggregate-command-execution	build-protocol/tasks/T-0012-11a-aggregate-command-execution/TASK.md	Status: round-2 review fixes complete; verification passed with escalated coverage	8804e93cbf25409ca2c840e2b352a8435c2fedc8	all-resolved-commits-are-baseline-ancestors	-	baseline@e6bdc0653a55c5c09a1af3742e74626b81c43217
T-0012-11c-projection-list-queries	build-protocol/tasks/T-0012-11c-projection-list-queries/TASK.md	Status: complete	8caec30f601b9decffa0edc8b9cdeccbe83caddc,4102284fd0bf6608015e7ab194e9627126109e7a,764b9463c22715fd098285edfd6717cd81f8121c,a0c6ddea67dc2ff912e7a03d9290a166f1796bb7	all-resolved-commits-are-baseline-ancestors	-	baseline@e6bdc0653a55c5c09a1af3742e74626b81c43217
T-0012-12-to-do-example	build-protocol/tasks/T-0012-12-to-do-example/TASK.md	Status: complete	89868e9fab9153e9352d745da220b8e8f88f66bc,3cc86250a0f843d852c89c21c353a2a81735a0d5,63f8e9f4689d50ce29addbdcbf4ea576ea0f3c11,e27b033f1c8b29ae7d02ee486b2aca208e614eb9,6d829108f247e70085c5678b684d88944acc1cb2,064a95dc761480b1bdf2025d28dbf6c9b64034e1,ea2a4abc941188fdf8fa1e9b8d933fc4041570ef,d00b1898e00aab7f70cb92c3605f6a6a2da58ab1,a410407035b08aca559a82b08df20666dd4c177b,eb226951bf6846c231e5db535454ea36b9fbf3fc	all-resolved-commits-are-baseline-ancestors	019f31b8,aeb6deea028b,019f31c3,9cf59bd6248d,019f31c7,56f0ca99abb0,448cc8020849,6120702b3764,eb413055e15e,69405cf06aaa,6355ed82c43f,d18db922c2fc,6cec938b84ca,2d7388b5c24b	baseline@e6bdc0653a55c5c09a1af3742e74626b81c43217
T-0012-12b-create-task-flow	build-protocol/tasks/T-0012-12b-create-task-flow/TASK.md	Status: complete	775aa4764a038218583f2d4a47b8704f852252cd,a784ea5ad400d7587f1e2353fb5d481441d7ece1,27536272e147d2917c3faf9e8f69295d6e3cfdb9,61acd942da0156a24648fb338c4ee8423344f2aa,1dd62c8b2c897e7cf5e8e2f8665b69784cf1030a,afe516254b192570e07eae6c5dea9477e918463e,e95cd02ea14f5387fb4378fa3ee5102ddcbc4997,0c25fce9dd55c457b5cf8a598a84d42e26192594,48a3635b629f471cf7b5e19f454435360acd7c69,63f8e9f4689d50ce29addbdcbf4ea576ea0f3c11	all-resolved-commits-are-baseline-ancestors	019f3241,15bdb454b653	baseline@e6bdc0653a55c5c09a1af3742e74626b81c43217
T-0012-12c-task-operations	build-protocol/tasks/T-0012-12c-task-operations/TASK.md	Status: complete	fc7140894e4d9db6864e497aa3447e1970ce1e23,8ab4b5ca73375a0b32134cf7f293196511e29679,3ee5c1a4e25695517176ca06487a972166e0a2ab,b6495bbfd6c6ef7cbd0637047e6c393538f978e9,6fea638894637392b399ace04e4889a3fbc42ab0,7ed30a32b96a12dd2e5ec0e45617b5553faf6707,2cb0cf8330a50f1de6350b2534edf12b17769634,05bceb5e01c2a0feb03e795fd82fdfba00c15f18,85909a7f80666fded5a2c649ebdb24e6b1d56c45,f4d48e281a5895c201cc2a2e29151bc01b59888c,c098f0c27b02d2d3e3303846ce1cbb44f7ee0cb1,67f6625350dd7769169142e81332978700f95fb8,166680e1ed63fcebfce4d7b515462f893179dd72,3717ea96d2e5d7f6fd9fa78113d3d1aa583ea6c9,0fe6070db7c6a28c048ec1002cc39b1119df97db,e27b033f1c8b29ae7d02ee486b2aca208e614eb9	all-resolved-commits-are-baseline-ancestors	019f32d6,d30a3da75ea1	baseline@e6bdc0653a55c5c09a1af3742e74626b81c43217
T-0012-12f-runnable-server-guide	build-protocol/tasks/T-0012-12f-runnable-server-guide/TASK.md	Status: complete; ready to merge	230452d71fc9564f93503d634aa9565f56889152,21c3c27a8e329f4b8a664e9b1283a8033080f341,995e84230d79ae45b46311b64282c7c1597c84dc,9872e7dd2b6a8fc8c391e041d93030055b7ecc72,21470bcd947555a6339ae0efe4f1cef476b3c166,fe46d2a65dce7f69c1e118d9bb08cc841d3d0695,1dc0969a50006e90f793dbee8fd3ac57fdbb60da	all-resolved-commits-are-baseline-ancestors	019f33cd,60b7e5045c5d,cceeded	baseline@e6bdc0653a55c5c09a1af3742e74626b81c43217
T-0012-2-source-folder-repack	build-protocol/tasks/T-0012-2-source-folder-repack/TASK.md	Status: Complete; ready to merge into parent corrective branch	480feb02ebde00e03f13a30162d31b9f427e7d18	all-resolved-commits-are-baseline-ancestors	-	baseline@e6bdc0653a55c5c09a1af3742e74626b81c43217
T-0012-3-shrink-runtime-abstractions	build-protocol/tasks/T-0012-3-shrink-runtime-abstractions/TASK.md	Status: Complete; ready to merge into parent corrective branch	cb5ace33753fe1f6ceb80f55b50fe5ad3e6ed54c	all-resolved-commits-are-baseline-ancestors	019f1f12,3a2b5cc3740a	baseline@e6bdc0653a55c5c09a1af3742e74626b81c43217
T-0012-5-buses-handler-registration	build-protocol/tasks/T-0012-5-buses-handler-registration/TASK.md	Status: Complete; verified and ready for parent integration	746e86293bab94697df038ee6230688b91765591	all-resolved-commits-are-baseline-ancestors	-	baseline@e6bdc0653a55c5c09a1af3742e74626b81c43217
T-0012-6-bounded-context-assembly	build-protocol/tasks/T-0012-6-bounded-context-assembly/TASK.md	Status: complete; verified and ready for parent integration	e0a6f5eb3048adffdba385a1009db1d3b38c2601,db69bdf18c9a6fc2c62b033b840f250093280c5d	all-resolved-commits-are-baseline-ancestors	-	baseline@e6bdc0653a55c5c09a1af3742e74626b81c43217
T-0012-7-entities-repositories-routing	build-protocol/tasks/T-0012-7-entities-repositories-routing/TASK.md	Status: integrated into `task/T-0012-cleanup-replan`	6614489d36b102e69c0469821ce48a5348b80a2f	all-resolved-commits-are-baseline-ancestors	-	baseline@e6bdc0653a55c5c09a1af3742e74626b81c43217
T-0012-7b-aggregate-storage-routing	build-protocol/tasks/T-0012-7b-aggregate-storage-routing/TASK.md	Status: complete	77492b9289d2f575e1ccd5411b276d44bb468b59,822d35888f936c3ae41112c324493f9ed4aef50c,d7b924514f5239cfbb2966a927126feca9cce295,86b287e74dd2ff1ef7f1b3e4aa34063b62bed1c7,973a3f66df3dbbfa6105ae56462fe8aa9046d110,fc6c31d7d1e7fa52d1c9e03c37e40efa734771d3,2c70c67f953d51c5dd6421289da20a3c1cc63c52,083feaa51de234a12d2a3f4912e6c3c363d3c440,45842a6e8e1dcecda424d529911c054a0988a5ad,e2ad18da54054d3f11a919734ac64db20e77edfd,f61361722e02df5d9c5e0c2a01532a1501f1d20e,70f45d5125f53fa28b6ad90af170696705413351,6c514df2f914ded7cc57fb96a93f0b1af59e7753,3bb394524fed7db3ab3986c85bb439ed9fc2f50a,99977ba464e17ba2a7b5c04588477ea9789bd600,80afb8fbe99ed7491c5c9e822092a6d00b311fd4	all-resolved-commits-are-baseline-ancestors	-	baseline@e6bdc0653a55c5c09a1af3742e74626b81c43217
T-0012-7c-integration-verification-fix	build-protocol/tasks/T-0012-7c-integration-verification-fix/TASK.md	Status: complete	e7a7c824675fba98e97da9ea3721463b9167ac06,55f64606d47d98e8c79cb126bf33c7f635fea14d	all-resolved-commits-are-baseline-ancestors	-	baseline@e6bdc0653a55c5c09a1af3742e74626b81c43217
T-0012-8-delivery-inbox	build-protocol/tasks/T-0012-8-delivery-inbox/TASK.md	Status: complete. Implementation and required review loop are complete through	0d6089a3b3f038e87e0506ebb0eba5f640e4029a,de3ccc7174d5b1967ca30ec7afbf2bbd083cbc00,0f7986aa7c3f1e7bb85e7d459a71affa9e85307e,c2553cfdccee3ece49b5c0bcb0becaec17ec05f1,59a65308fef318c4e3409328a72f331904948425,76e9132155eaace2e6520edb2b6250b983cf3bd4,60c541291000c960400d77417972591699af2b92,d0d5e0d271a5f61a62e34abe5fe7c1ca79f5564e,f74df5dc3b6508480c1bbbeec9aec3df8aa0a694,05f2ca733bca2d5395425b4cf5f4b673f1888da8,f924a174f0cf479d23e2d9674cff6a8a545b662e,d8cfb5b980522a683c81e33229061a70f69b216f,18799168cdda951de4f72914bba0d7a15edcd655,e7f7b054900635843a21fb32a8e3bbdc4ff4e846,8a468ff954ff976606cc9e49c2619484d88aa61e,65e5c72fa1265c53b23c7f68549a6e0a285afd52,7ddf9f5b1ae5dbc92c039bb6cbf3b95991f57c49,1d4db77445733225e8f10cd365da38fe331f5ff9,b5fa82adb89cf9fda248636fdb7d0af603028e68,d419fd8d3ce63894bceb5dd94429f9bcd549b477,fce80b2e4089f078928543643d1cecd1bd5c3a3b,7076ac1ad69482c668791cdee42748191e7e9ea8,c0c319bb036c8a05523a885b9ddbdc34051baea0,4a97dd9bb8a57adf81172cfa7d868211dafda2af,0efeccb41045834ae3165ff5f8f3c2bce45c6c9e,72df1a47aa71d9397103f7c215dac4d9380b2799,3a05e4bfb02af2c9c041acc31fb073507770da11,e55c26f26d5176662bd1e811b752032f1384ffa1,0235f0b882cdf055cafa0d0bfe077ebe80962891,430707711928bb2917171cac0fe87c6914788646,bc1f3a574822a0feb25a68a41573b30d1083af00,641a47a86bf94b6c89695d8422958c0c78aa5a02,e93d1657ee3bae3670b9864f1cccec6a939f2e99,cd2b13ba35999520bb89a20dde9d5840692b5142,da705d4fb6c0ff7de3f32de79dad88bef8cc2393,d3bdfaee0d0fa178ebe4a0369e3fe32079fe3a23,855e54ead0242cd1ec1a0187f121bd9ae1caf910,5a00b3007918ac082bcdf9c574a443ec05b7c2f9,dd04528665f0f1c9fb194365d025e9c4c38ce171,fdf079e033127918c27dd42e0f236001b8824d6e,c2e67c60d7bec27651cca4f5ed825116f7978a13,51530778bdc8d79aab60de4f7124be453d91aab2,8cd3cf3f8d931060f0b4e4df32cae12695f10877,d58daa4c4747c0ed461bf140b2afba776fda87d0,e5410c33434beb4b2f63e546324dc090382199fe,4b40a956e679efd083d491d7efb92b5388cd1355,9c9baf7b0dbe20e90c85edff427e725eb89f89ca,dd36ae7d7e1a047f148f3d1ba95cbf3ffe908ef3,a647db59e7f4dbdb2d975f404df711b7d95b51cd,fa7045ae9161f69d0fa46eaaac67c67da0c4f497,a4ee110068af607aab820ea00fd5ec59517e6416,a64e83ab6f263cbf333fe5f4ec5726f18ab2f941,446af5077b91da8232448da951ba0b5e1ea68470,9f26eff644e2f16ad15cc8160b535fe5aaa522dd	all-resolved-commits-are-baseline-ancestors	-	baseline@e6bdc0653a55c5c09a1af3742e74626b81c43217
T-0012-9-stand-entity-updates	build-protocol/tasks/T-0012-9-stand-entity-updates/TASK.md	Status: integrated into main	796221dc02336962c685cc1bd865c360f5eb13e0,9202b5ecccdd336bdde70c4188e7ce651131bf0e	all-resolved-commits-are-baseline-ancestors	-	baseline@e6bdc0653a55c5c09a1af3742e74626b81c43217
T-0012-corrective-cleanup-and-replan	build-protocol/tasks/T-0012-corrective-cleanup-and-replan/TASK.md	Status: complete	a9769d4b1ff2fbefd88c65034c9f14f25016c7bf,0d6089a3b3f038e87e0506ebb0eba5f640e4029a,2d0e34e781674a6b747a1c0c3b10705979c135ff,8e2e410b38a5719cdf6e22cbfd393508bd5ba4ce,473a4b212c528ad3f6c14608b6fb5d483af44524,a410407035b08aca559a82b08df20666dd4c177b,d00b1898e00aab7f70cb92c3605f6a6a2da58ab1,62164aa970d32e01b8fcadfbbfe7e914e832be30	all-resolved-commits-are-baseline-ancestors	019f1e60,223d6928f739	baseline@e6bdc0653a55c5c09a1af3742e74626b81c43217
T-0014-end-user-api-invariants	build-protocol/tasks/T-0014-end-user-api-invariants/TASK.md	Status: complete	cfc950c6f4fcc19f9e6d877b5e395ac689e76f62,0066de5a2583281f577212776e3d89094b1ee06f,7c7b27f90d87ad639490ea169e5bc11e81bb4351	all-resolved-commits-are-baseline-ancestors	019f3cb1,cd14f94b87f6,019f3cb5,5510afb6812c,019f3cbf,08897cb5ba7e,019f3d56,acd828a9a0b1,8f3ced3e33e0,a65ec48f69aa,b244c5f8911a,4687a1939017,7aba3ce27d30	baseline@e6bdc0653a55c5c09a1af3742e74626b81c43217
T-0015a-generated-registry-contract	build-protocol/tasks/T-0015a-generated-registry-contract/TASK.md	Status: complete	d40e388a7cc1d754197bb243c81e772c0e50ee7c,689ad50e0947284f75f9e4a731ba24a79bd96ed4,ebb1d746b772721e7adaa3519aeb69b1915fbb14	all-resolved-commits-are-baseline-ancestors	019f3dce,cf6a62eebfa7,019f3dd3,9710a713ad3d,cceeded,019f3ddf,593f9df387bd,efdd0aa06de8,6791599851be,3c520f936b5f,e813fd72e0a0,019f3de2,76bb2fd3c124	baseline@e6bdc0653a55c5c09a1af3742e74626b81c43217
T-0015b-registry-ingestion-api	build-protocol/tasks/T-0015b-registry-ingestion-api/TASK.md	Status: integrated to main	0d0f0eb5715065121528ab5c755bd9f4d795214f,8f8efcd96be4d24f1fff175af4bf609efe879d6c,37f7b163525f86149b8716773d4e89b71e777f4f	all-resolved-commits-are-baseline-ancestors	019f3dce,cf6a62eebfa7,019f3df6,7db33a739884	baseline@e6bdc0653a55c5c09a1af3742e74626b81c43217
T-0015c-build-analyzer	build-protocol/tasks/T-0015c-build-analyzer/TASK.md	Status: integrated to main	4b802fc89b3137745139414e0980d9df3c370bc0,89afdc11524d7dd313314cf845cea2f1acd305ac,d1a99fea037723fedf610089b1642204c766ca4f	all-resolved-commits-are-baseline-ancestors	019f3dce,cf6a62eebfa7,cceeded	baseline@e6bdc0653a55c5c09a1af3742e74626b81c43217
T-0015d-registry-generation	build-protocol/tasks/T-0015d-registry-generation/TASK.md	Status: integrated	6691f62a55e780a14340ff3e211ec072d471abfb,103f48be88d87be65bffde6aab610e1fdc742365,5e13d6d9f60d762c2382fe89ea0f59c453954954	all-resolved-commits-are-baseline-ancestors	019f3dce,cf6a62eebfa7	baseline@e6bdc0653a55c5c09a1af3742e74626b81c43217
T-0015e-runtime-discovery	build-protocol/tasks/T-0015e-runtime-discovery/TASK.md	Status: completed	df562b3c3a3fdde50bb7e567791b70a0d1efde6c,9d28aeb3f24f82337680ba4670460f2e9b7718f2,b56d60df12bd252b760f5116c9bf27e523ac67a3	all-resolved-commits-are-baseline-ancestors	019f3dce,cf6a62eebfa7	baseline@e6bdc0653a55c5c09a1af3742e74626b81c43217
T-0015f-two-arg-handlers	build-protocol/tasks/T-0015f-two-arg-handlers/TASK.md	Status: completed	1a59541beb62f7c5850906e469d0d647bab20ad4,54c9f1e797a05b2e2c02aae5c9e933f261680e2f,ef95145b6e53bb390478093eda80d4025c4bf340	all-resolved-commits-are-baseline-ancestors	019f3dce,cf6a62eebfa7,019f3eb0,10b578c692ec	baseline@e6bdc0653a55c5c09a1af3742e74626b81c43217
T-0015g-todo-generated-registry	build-protocol/tasks/T-0015g-todo-generated-registry/TASK.md	Status: completed	81c325be5005b10992cb1e79e78549e815d72bda,aaf60d2a7eef56af2b5bfa9ce619e7184dda6954,b63274c29829f94887ada8575ed5a3b48952bd3b,6a7845e655aea83894ebab14bebda457ddadf1fd	all-resolved-commits-are-baseline-ancestors	-	baseline@e6bdc0653a55c5c09a1af3742e74626b81c43217
T-0015h-generated-registry-closure	build-protocol/tasks/T-0015h-generated-registry-closure/TASK.md	Status: completed	0b6abf9c3d60bed67eeee53c2626f74a82467cf6,63cf7838fbefdfc2ef4f6ca6f2e87f227abe2dac,72d68fc762faf853e80e1d3eee4a87fcc830c185,1dff3e0751d815a554e43db582e037b6c6f0f3b8	all-resolved-commits-are-baseline-ancestors	-	baseline@e6bdc0653a55c5c09a1af3742e74626b81c43217
T-0016-framework-readiness-roadmap	build-protocol/tasks/T-0016-framework-readiness-roadmap/TASK.md	Status: integrated into `main`	b5e7deb3575c3ce1d9d7b1c48c716eea635002b0,b1dfe0750d0350e80c0bd721b21bf21eadb8ba42,ff08c5f155890df96e1aad4c659a5ee02cd5fb31,220f5dfd1fd2931d66f2c7f5d5002b72f2ba57df,5e470a6cd2567c070b7be1c66eaf2c07bc95473a	all-resolved-commits-are-baseline-ancestors	019f3f3a,54e3171edb84,019f3f40,b45e729a7628	baseline@e6bdc0653a55c5c09a1af3742e74626b81c43217
T-0016a-verification-gate	build-protocol/tasks/T-0016a-verification-gate/TASK.md	Status: integrated into `main`	f8a95d5f13fc8bda50da381c9b0fd7f07d7dbf9f,277a6a23f96d037b3ed7a141758d96ee50211194,f8ca8fb221cb41216d63622edc597ab5549adf51,19319456ef4b8625f7d48ec4622e0632317073db,b962ba1171928b9fed714c7d70620a478ea4322a,02d6bcb55f9d3e99b3c93dd9a8516ee7fac363e3	all-resolved-commits-are-baseline-ancestors	019f3f4c,133f0ba857d0	baseline@e6bdc0653a55c5c09a1af3742e74626b81c43217
T-0016b-framework-owned-assembly	build-protocol/tasks/T-0016b-framework-owned-assembly/TASK.md	Status: integrated into `main`	08d8f0ef5c9c3ef760ed39d89fe9658e32192117,d7ee7e8bff34da3a1898d4ac9f6ddc3aa2d83089	all-resolved-commits-are-baseline-ancestors	cceeded	baseline@e6bdc0653a55c5c09a1af3742e74626b81c43217
T-0016d-subscription-semantics	build-protocol/tasks/T-0016d-subscription-semantics/TASK.md	Status: complete; integrated to main	a7c3a5cd9b19a9096683460ae92c85bd8fd1478a	all-resolved-commits-are-baseline-ancestors	-	baseline@e6bdc0653a55c5c09a1af3742e74626b81c43217
T-0016e-delivery-worker	build-protocol/tasks/T-0016e-delivery-worker/TASK.md	Status: complete; integrated to main	f226fdad9370573c4596194e70890e9236cb0e19	all-resolved-commits-are-baseline-ancestors	-	baseline@e6bdc0653a55c5c09a1af3742e74626b81c43217
T-0016f-local-runtime	build-protocol/tasks/T-0016f-local-runtime/TASK.md	Status: complete; integrated to main	f86bd6ae704ed44b96de3cbf72d8125fa8d3d948	all-resolved-commits-are-baseline-ancestors	-	baseline@e6bdc0653a55c5c09a1af3742e74626b81c43217
T-0016h-todo-final-readiness	build-protocol/tasks/T-0016h-todo-final-readiness/TASK.md	Status: DONE	2966c261f23c3d800e5c71793e96af696ee009ba	all-resolved-commits-are-baseline-ancestors	-	baseline@e6bdc0653a55c5c09a1af3742e74626b81c43217
T-0016i-release-readiness	build-protocol/tasks/T-0016i-release-readiness/TASK.md	Status: complete	4430c9b5c8364f4f93b7dda2f0cf02427a4401c7	all-resolved-commits-are-baseline-ancestors	-	baseline@e6bdc0653a55c5c09a1af3742e74626b81c43217
T-0017-closure	build-protocol/tasks/T-0017-closure/TASK.md	Status: complete	d0241fed61cfe75f3b303dde757de0fc333c4740	all-resolved-commits-are-baseline-ancestors	-	baseline@e6bdc0653a55c5c09a1af3742e74626b81c43217
T-0017-runtime-gap-roadmap	build-protocol/tasks/T-0017-runtime-gap-roadmap/TASK.md	Status: complete, integrated	c0c36db55e8db3df4d1bb67d3c20257a83c3cec4	all-resolved-commits-are-baseline-ancestors	-	baseline@e6bdc0653a55c5c09a1af3742e74626b81c43217
T-0017a-read-side-catch-up	build-protocol/tasks/T-0017a-read-side-catch-up/TASK.md	Status: complete, integrated	5b148450a1fb4e5ddfe808075baa9901049af568	all-resolved-commits-are-baseline-ancestors	-	baseline@e6bdc0653a55c5c09a1af3742e74626b81c43217
T-0017b-query-execution	build-protocol/tasks/T-0017b-query-execution/TASK.md	Status: complete, integrated	8dd37cab19a7d881041af29e493528be8b0f87f7	all-resolved-commits-are-baseline-ancestors	-	baseline@e6bdc0653a55c5c09a1af3742e74626b81c43217
T-0017c-subscription-matching	build-protocol/tasks/T-0017c-subscription-matching/TASK.md	Status: complete, integrated	1892fef5f0a4cee4032f0cb0ea54a6ba7153b8d7	all-resolved-commits-are-baseline-ancestors	-	baseline@e6bdc0653a55c5c09a1af3742e74626b81c43217
T-0017d-event-subscriptions	build-protocol/tasks/T-0017d-event-subscriptions/TASK.md	Status: complete, integrated	3638e7c897cf2bce40cfeaffa5eab8c8bb90dacb	all-resolved-commits-are-baseline-ancestors	-	baseline@e6bdc0653a55c5c09a1af3742e74626b81c43217
T-0017e-reactor-commanders	build-protocol/tasks/T-0017e-reactor-commanders/TASK.md	Status: complete, integrated	0a18a3cdca5ef2bbbaf9d40735e4b3b19e32caa5	all-resolved-commits-are-baseline-ancestors	-	baseline@e6bdc0653a55c5c09a1af3742e74626b81c43217
T-0017f-process-manager-runtime	build-protocol/tasks/T-0017f-process-manager-runtime/TASK.md	Status: complete, integrated	52e287f9e623c6dc6adadc68aa9e3d07478c3704	all-resolved-commits-are-baseline-ancestors	-	baseline@e6bdc0653a55c5c09a1af3742e74626b81c43217
T-0017g-delivery-inbox-handoff	build-protocol/tasks/T-0017g-delivery-inbox-handoff/TASK.md	Status: complete, integrated	5a605178d71b56227bab9b94b47795f5b16870d8	all-resolved-commits-are-baseline-ancestors	-	baseline@e6bdc0653a55c5c09a1af3742e74626b81c43217
T-0017h-delivery-scheduler-retry	build-protocol/tasks/T-0017h-delivery-scheduler-retry/TASK.md	Status: complete, integrated	35134c337bc6bbb52d5591e2f70737a5a63aebc2	all-resolved-commits-are-baseline-ancestors	-	baseline@e6bdc0653a55c5c09a1af3742e74626b81c43217
T-0017i-durable-subscription-recovery	build-protocol/tasks/T-0017i-durable-subscription-recovery/TASK.md	Status: complete, integrated	056626cb8767553462a42648780eb6444318395f	all-resolved-commits-are-baseline-ancestors	-	baseline@e6bdc0653a55c5c09a1af3742e74626b81c43217
T-0017j-system-context-tenant-index	build-protocol/tasks/T-0017j-system-context-tenant-index/TASK.md	Status: complete, integrated	11aef98a9984836ab6991ab4b2e3e512068cf27b,1d10036197a6f8b31ecf2fb1236db3d0854bbe84,f5d782d74adf765501a0c067d940d62605ddaa24,5688bd94afd534e8bb2b164ac7990410cd126fe4	all-resolved-commits-are-baseline-ancestors	-	baseline@e6bdc0653a55c5c09a1af3742e74626b81c43217
T-0017k-production-server-runtime	build-protocol/tasks/T-0017k-production-server-runtime/TASK.md	Status: complete, integrated	310bc6a97f3272441755101c24cfb457205e04ac,50802e0629b0a7c4949e42fc6aaedebac7afdde1,fa5d4069e625cdcd3af9c14f922e9a0cbb8a0a27	all-resolved-commits-are-baseline-ancestors	-	baseline@e6bdc0653a55c5c09a1af3742e74626b81c43217
T-0017l-zmq-endpoint-topology	build-protocol/tasks/T-0017l-zmq-endpoint-topology/TASK.md	Status: complete, integrated	b53a3c3eb644754210ad693abf98523ae6e839ef	all-resolved-commits-are-baseline-ancestors	-	baseline@e6bdc0653a55c5c09a1af3742e74626b81c43217
T-0017m-production-parity-docs	build-protocol/tasks/T-0017m-production-parity-docs/TASK.md	Status: complete, integrated	dc0c69f6471f398bc8b76cacd7e20d14d75090a4	all-resolved-commits-are-baseline-ancestors	-	baseline@e6bdc0653a55c5c09a1af3742e74626b81c43217
T-0017n-verification-typecheck-fix	build-protocol/tasks/T-0017n-verification-typecheck-fix/TASK.md	Status: complete, integrated	f72daaaa7211d267c799b0168f294681bd6d5748	all-resolved-commits-are-baseline-ancestors	-	baseline@e6bdc0653a55c5c09a1af3742e74626b81c43217
T-0018a-runtime-signal-metadata	build-protocol/tasks/T-0018a-runtime-signal-metadata/TASK.md	Status: integrated on main	a8f0e4288efc33b8615517ec2bb2fba4582f9258	all-resolved-commits-are-baseline-ancestors	-	baseline@e6bdc0653a55c5c09a1af3742e74626b81c43217
T-0018b-runtime-metadata-adoption	build-protocol/tasks/T-0018b-runtime-metadata-adoption/TASK.md	Status: integrated on main	e62de1a300124a169e95476ecb7c4d8d53a776c2,9647963fcdafc3a0ff8557e1c08bae3164608fbd,348ff95a52e1551e08e06023df13df811e2f00d2	all-resolved-commits-are-baseline-ancestors	-	baseline@e6bdc0653a55c5c09a1af3742e74626b81c43217
T-0018c-generated-registry-react-void	build-protocol/tasks/T-0018c-generated-registry-react-void/TASK.md	Status: integrated on main	d3d66e63596730e8930f18f052f46357cb1bd160,d07e0a3fb7af8b178c7b821c8efa3761d3f8a4a5,afe530afb36e2fa06668530bd73149d4815fc6af	all-resolved-commits-are-baseline-ancestors	-	baseline@e6bdc0653a55c5c09a1af3742e74626b81c43217
T-0018d-generated-registry-descriptor-roles	build-protocol/tasks/T-0018d-generated-registry-descriptor-roles/TASK.md	Status: complete	f761ca4b84fa61da70fdf70f24b0b5c36a857428	all-resolved-commits-are-baseline-ancestors	-	baseline@e6bdc0653a55c5c09a1af3742e74626b81c43217
T-0018e-runtime-metadata-registry-docs-closure	build-protocol/tasks/T-0018e-runtime-metadata-registry-docs-closure/TASK.md	Status: complete; integrated to `main`	ae4a097e7faa43088fce991d608cc4a8382d0795	all-resolved-commits-are-baseline-ancestors	019f482d,5dff71711f84	baseline@e6bdc0653a55c5c09a1af3742e74626b81c43217
T-0019-semantic-tag-runtime-registration	build-protocol/tasks/T-0019-semantic-tag-runtime-registration/TASK.md	Status: complete; integrated to `main`	96f3b7047d5de67f2ae8f4f1be66139e7731caf5	all-resolved-commits-are-baseline-ancestors	019f4849,64850236e82f	baseline@e6bdc0653a55c5c09a1af3742e74626b81c43217
T-0020-server-environment-context-assembly	build-protocol/tasks/T-0020-server-environment-context-assembly/TASK.md	Status: complete; integrated to main	-	no-resolved-commit	019f4879,312ac8226c07	record-only/no-commit-evidence
T-0021-status-reconciliation	build-protocol/tasks/T-0021-status-reconciliation/TASK.md	Status: complete	27c9162f138d5f2617ea43743a8efb6b052d8478	all-resolved-commits-are-baseline-ancestors	-	baseline@e6bdc0653a55c5c09a1af3742e74626b81c43217
T-0022a-projection-inbox-handoff	build-protocol/tasks/T-0022a-projection-inbox-handoff/TASK.md	Status: complete; integrated to main in `b07f3c2`	b07f3c2b401a1d473f536687fd9c8455c5e01e55,7799d88297e124ada700233ce2abe57afc5e01ed	all-resolved-commits-are-baseline-ancestors	-	baseline@e6bdc0653a55c5c09a1af3742e74626b81c43217
T-0022b-process-manager-event-inbox-handoff	build-protocol/tasks/T-0022b-process-manager-event-inbox-handoff/TASK.md	Status: complete; integrated to main with post-merge verification passed	eccbbb1511363591f4fe86a2cce56b9c6d8261b1,2fd6aacedadbde1092920f568954b2f24b1ab740	all-resolved-commits-are-baseline-ancestors	019f4930,0b103599ba85	baseline@e6bdc0653a55c5c09a1af3742e74626b81c43217
T-0023-status-reconciliation	build-protocol/tasks/T-0023-status-reconciliation/TASK.md	Status: complete	65c900e5b8148fc2c7a23db3b8f2a2a701b84164,2fd6aacedadbde1092920f568954b2f24b1ab740	all-resolved-commits-are-baseline-ancestors	-	baseline@e6bdc0653a55c5c09a1af3742e74626b81c43217
T-0024-roadmap-spec-reconciliation	build-protocol/tasks/T-0024-roadmap-spec-reconciliation/TASK.md	Status: complete	a964cc9aa9b8b2e8b6949c5d36205bf54adc562b	all-resolved-commits-are-baseline-ancestors	-	baseline@e6bdc0653a55c5c09a1af3742e74626b81c43217
T-0025-delivery-label-contract-cleanup	build-protocol/tasks/T-0025-delivery-label-contract-cleanup/TASK.md	Status: integrated into main; post-merge verification passed	1a9804c0368eabcb09a33793a9017eb9e0bdec2b	all-resolved-commits-are-baseline-ancestors	019f49f9,68619d826f44	baseline@e6bdc0653a55c5c09a1af3742e74626b81c43217
T-0026-transport-backed-delivery-workers	build-protocol/tasks/T-0026-transport-backed-delivery-workers/TASK.md	Status: Completed and post-merge verified on main	ca8fb2b32f69314270ff0de154bfb63037ea086a,5c3705e2351b210eacbc6157bc9105f8c5e7cb17,71ba68e051371bf37cf95303e91743237276afa3,9477830c7d7f745cc08a1545d04ca7cc84e3230c,e089963f98f809c93db30a3abd84d67b74f34ffd,2caee0d7bfac0a2672eae127ff235f808265cf87,47672dc8aac9cf32f8ccd68dd01ca4a8218e8827,599d6bcf3788cf72405498a74ab80e70c16e21fd,770981eab3a3ba768d8e1403ddf6155b689cd370,0dd1bfdfd0a1fe5f9026bce227ef3d2be66707e9,0c622787992a7feea7ae07d06dbf42c9599a5588,5e17283bf17266457ae20996f3becdfb5a43304d,fd563047b0a7bd0b2c3a3d899b5284ca7d551f3e,8a65e2b65b4fb2e7a961af1d7574fe7c22f7d8e2,a06e3749b3359c3210499f16e01c327b56ceaa18,a66ab6b5d6bdd6e47a0b66fdb806c0545153b250,8cd571728bcb082c641bf1d346157fd9f9431294,7a5378ebb073cee8d009ac30b610f6a4b791237b,e4388fb51cef27ed2dae7bfecee59c5e58873695,1403505ef49a3b1b68267ea38b69a98dac03cf4d,7927c4d3291523cdd478922b2e57a3d69e89a2a7,faa2d814bfe365d38e55c091f4568677ad9b0732,9c51b77aa520d3e6e926aba930a4a8f6639b5b4a,9e8317678cd3e7b745847066f2970251243001bf,2a673e42270a776f4be9220c1d0d477e26ec93ee,d7c9b35e3f1d089bf9992bc20ba8556402a110b4,be299a5deea95606c2fee4f15e40e0afcf9945cb,59c44c44eee87d175f4cda3b14e02f578ddcfe76,f7f56f5436f0df6467cf6d48e2e43e25d02916c9,9bb68f336d6c5e6dd99b8a3364a0c73c9fb31fa9,52a4326dab2e93db6001a40fea1a35dc90c729a7,9546ed2a271d86a3e5520b8d3580955634aeae73,4aa591edef2e2adc367a7402cd2ea57510688ad9,a806f78db7ebdbb23722e7c1970d802772b13f77,35f48b2e95044e95327707b076459907c68d9d14,0928c056563252509e6193f0b38654b1d5e6c573,a1ae866917c9f74282bcf5377c352a28a57832d7,05962a3c28cda7dfbb12bf0f39d05216ac294c17,c08e7008bd6ec162686f94960725460844472d93,7d1b09add3b27d1c932e07297d13c0ac217656e9,745a6a20a7703103a826e827fa76ed04c81d9a64,6d3c352be9f9f615229af1f75cf0f9dc3b37863a,110c94b0177177d0666bbd5fc90dad54a375ecac,944190f3753e2c0a26f9a413b95331e37bcfe337,1c88fabaebf903000b3c3c6e3873c42e3de54850,6704af8b14195257844b6a1aa40245244eca28e8,70cf4dcd0149528588cd405499a60c693dad13f2,a6a1e3bd4472f95563dfb7b5b540ff12a2f14d07,56d2670ff6fddcc55f04ca98b1027c3595e19735,5101cc1e50d8dfd621b30cdb76f9bf590a49a6ea,24498ddf5cdcad5c7c5835f82434469eb81bc4e0,12ab9e479ed161bd63f12fa26ae271c13b2f708d,a09d078c3584b66c9f6ad9ab9ae054450a1ac5dd,9448bb2ece57fbdc38f909cff1c5717108d9f415,bf5e1aeef30372dbe9f1a7ff720972cc123bf8a7,90c43a4aea261704cc6394a7051247afd8963197,fe22d03ccf0afbf228c55f71fab38f1637859a31,386f5ed033ca3dc809e2d691c997248765584b6f,74b140dda876ffb1074c87b20a92322e7cd0da05,af21b760b9ab34e4009504f12afa1bce4e51f58c,32548be15462148e8ab705b37c53a658d72fdece,1bd31aef5770cd2a094f1149e38e0e167fcec988,aa0e9387101950cf991ad2665bd433396d7dca0f,18e45b044738daf6ea0553cdd6ab66b3edf72811,308cefb7fe4b14362cc9e994104da88ab56f4fad,1067fa57fb4c9a3f44edee258def7ba74e7640ca,8bafff4054beb1ad34513e392a2842b7df4605b1,00276c2fdf982bb8473e9db618a6c775bc26bf73,14e8d8cb1a174c975f37229cff725c6e2023d0b5,9475304201a5f66ac2cb7420eae8a66e8defd3db,e0f53289923d5d743168e061d2e9a1f6d90d3533,0f8172f668f8a7f4bfd1f10e62e94177e69ee541,67342f626dc268dfae0a867512bd19279326d4f1,38329f6da3ebc78a852b52c31476de4345b491e5,eb9f7d614246471ab3272a5980da0dc007d81aa7,3821019e8bd41e4f47d16230a114be991f2093ef,536afa443a4548325e47c6241deb133ec621395c	all-resolved-commits-are-baseline-ancestors	cceeded,019f4a1c,59bfeb3def83,2147483647	baseline@e6bdc0653a55c5c09a1af3742e74626b81c43217
T-0029-delivery-attempt-retention	build-protocol/tasks/T-0029-delivery-attempt-retention/TASK.md	Status: Complete; merged to `main`	3820e76de4de1bfe70dd7fc7e676d05266910ffb,d1d31e7ccaf88d6a40a37efcc5cb532556ca759c,ecb9f3d98fac75069f31fd1fdd3bc8ee15a78f0e,adf215f30b4974e403f993ca6de6c16838229707,1faafdb0f3cc2439831507076ed60e2a5c0561bb,02917d0ddb8a315dda102428d54309de1ba53611,0070e853c9760547924e1e1b945c72671a33d337,68e0d96cb58d1287110a6f2d545ea74fffd36d1f,b286ba05470327da8ee7a392894c36563855ec35,2d3ca14d6fe1eb2839509f8d24ba225c375081d2,4e05438efedd901b7302fbf84452cb6178d6fbab,f7e3dd37125386a9a7d6b6a45f4241988f182648,a2dc9b4735650cc3792ab59a104d5174916d82bb,23fa2d03e1bd80c56068067bf8fcb9e2e1eee2a5,a736130654c653617b8e84cde9c99c7e895f7625,eeb5d2bcab7c9ba392c5b590c0e7afd67ac7fe7e,1a33330fbc2b0cc92e8945df95df6cf7340d3b02,e376ad7148dc027f5299be05ddb7900dd8ab4920,42fd0edc9ad2eb5e62ba4e3e2b34036f9f8471ab,c385d25ceeac4b459d36568511aedc2b076f25f4,69186e2b8ab67d5657faf158911315de3768536b,5bd7e11208b17cab53c0dd1cdcbdad6146797e3c	all-resolved-commits-are-baseline-ancestors	019f500b,f54a9d109054	baseline@e6bdc0653a55c5c09a1af3742e74626b81c43217
T-0031-delivery-retry-decision	build-protocol/tasks/T-0031-delivery-retry-decision/TASK.md	Status: Complete; merged and post-merge verified	9566466dcb73ada60e32135309b7db48f157e57b,1e2546a211b8acf58aeae458a5c79514f130bb77	all-resolved-commits-are-baseline-ancestors	019f5111,6c52e38eecf9	baseline@e6bdc0653a55c5c09a1af3742e74626b81c43217
T-0032-internal-delivery-retry-exhaustion-gate	build-protocol/tasks/T-0032-internal-delivery-retry-exhaustion-gate/TASK.md	Status: Complete; merged and post-merge verified	aa4d52d9f263a08c038aec0d323d5971b509ede4,bccfed7523e8c78fb080fd45d84d9c603f0ca846,17f4abc64ded1f1536649306ae7dc98e4eb3efbb,85d2ce6250c4c333655be2549154b908b0573c44,390dd6ed1b94bff990452c75c99c9572776d5e4b,96e829e0b171168def9a9dbf0e56c024c2fa5732,991594eaaef839141c78e2deb2f9ad8678e14c5c,1a8ffcce4807af9948919c977dedec45f61d24c6,8ee4b647f3a6ef41fb56bbdb7dfc9d9783672c08,91b01095505fe32595d13daf387eada87131fdc3,f653bf8432a20ea63c39022ee5ca898f331fe051	all-resolved-commits-are-baseline-ancestors	019f515a,25e75b7fb244	baseline@e6bdc0653a55c5c09a1af3742e74626b81c43217
T-0033-delivery-reception-policy	build-protocol/tasks/T-0033-delivery-reception-policy/TASK.md	Status: Complete; merged and post-merge verified	4e969883cd57d2e770b1493ddf87fe71319786b0,020c8f26ffba970a4b7bed24ce464ae55ab2767d	all-resolved-commits-are-baseline-ancestors	019f528e,6add1fe5ae80	baseline@e6bdc0653a55c5c09a1af3742e74626b81c43217
T-0034-mark-exhausted-delivery-rows	build-protocol/tasks/T-0034-mark-exhausted-delivery-rows/TASK.md	Status: Complete; merged to main and post-merge verified	da75f11ecf47bbb8955f92d85726481f7bd4eada,e1cadf05e8ab96e1bf5c12a78f30b9da03aaf563	all-resolved-commits-are-baseline-ancestors	019f52ce,30208f5078b1,019f52d4,48ff5950328a	baseline@e6bdc0653a55c5c09a1af3742e74626b81c43217
T-0035-delivery-run-ownership	build-protocol/tasks/T-0035-delivery-run-ownership/TASK.md	Status: Complete; merged to main; post-merge verification passed	9200dcce2c5cee44eeed70a0f3ff83776d502029,8f19e0bce6b66555f9352950083bdf58244a1639	all-resolved-commits-are-baseline-ancestors	019f5353,5479438ecbed	baseline@e6bdc0653a55c5c09a1af3742e74626b81c43217
T-0036-package-internal-delivery-epoch-progress	build-protocol/tasks/T-0036-package-internal-delivery-epoch-progress/TASK.md	Status: Complete; merged to `main` and post-merge verified	67da0b1c6b66d8568dad441d662083d8c20043f8,1ea107458d88d00a2346838e142bcb7fe615ce13,a1714e1f211707bf6d3e51f08606e98d4fc7da8e,a3187dcf0ccda42cac37e8f505c33516d9fdecc2,0c0b18e7d00d4dd4ed97d67dde575a10e1d50e2d,474bfd78a28a924d6c702e2628dac3f83a1c92b1,add826694c0ec31caa2ae2bf8a93f2fe39c4d359,192b3d3b8946814078ba84c5ec62dc4f54e40df5,407930856041b86ff38de683e441406dc1c01b04,328273430ef8c4d6c9e26cf23fa6b1cc172e973c,e6c9212831129f8296902858b178564e350effc9,a724d8ea01b5d61558b0f1c33b80ef744815e27d,5cea49c9730c79a1de371cadb7f31103252886b8,d00f9c7c8c8249ebc736ced86cd7a35a11fd1472	all-resolved-commits-are-baseline-ancestors	-	baseline@e6bdc0653a55c5c09a1af3742e74626b81c43217
T-0037-environment-delivery-lifecycle	build-protocol/tasks/T-0037-environment-delivery-lifecycle/TASK.md	Status: Complete; merged and post-merge verified	0308bc4a7b70719d173ada8180a6d6fcef97e0e1,34f8f5e4f9d424c3344a1107985ea3acc8003530,3847e1b63ab448ba6022ab3ae33200e60593b163,80ef21e24cb87813474e77bcea7a56593b7af7de,7ff3d50ad8061fe724a039e4937f2efe0aab5d40,9e90a006bfc5b766828ba4991cff5ea745183d0d,652db9999a6afe3342a36fe4a2c5a0251cd95d07,9e723afe60731e29d6e451f9920fcd291006cae9,45f737b4999a6ac2078202bdb3d01e5284a882f7,49b3fb4bc9fe9afa808a8dce8085bc2f08032b37,98b4a2843d0341229931e60caa6fc16bcf511992,1b127f87ab4a7e26f835516fe150840ae27d9e3b,96c27f116ac736bdbaddcf52e0a478488725eab7,a8c2f3c5dce80bd2f83c838c8bb6de37c21e7dc5,045aa86c4143314ca116b59a24ffa5cb8af54701,628224d40515ba4307f3b2873d10bb567b2792f5,ee6fb3965648f44c87b75c0a8ac600543ed78310,724e384d55e33411f26fe26b622abbfa65652893	all-resolved-commits-are-baseline-ancestors	019f548a,c52d97bd6b0b	baseline@e6bdc0653a55c5c09a1af3742e74626b81c43217
T-0037a-context-delivery-attachment-seam	build-protocol/tasks/T-0037a-context-delivery-attachment-seam/TASK.md	Status: Complete and integrated	f7c2ddb153ff0f5a162bcf73c125602ef0915d5a	all-resolved-commits-are-baseline-ancestors	-	baseline@e6bdc0653a55c5c09a1af3742e74626b81c43217
T-0037b-bounded-generation-run-coordinator	build-protocol/tasks/T-0037b-bounded-generation-run-coordinator/TASK.md	Status: Complete and integrated	40329cadf0b321e20be5838ae366a2d2434efcde	all-resolved-commits-are-baseline-ancestors	-	baseline@e6bdc0653a55c5c09a1af3742e74626b81c43217
T-0037c-parked-delivery-obligations	build-protocol/tasks/T-0037c-parked-delivery-obligations/TASK.md	Status: Complete and integrated	c65f2c23d7450800bedefa93a2c56d5ae25dca8f	all-resolved-commits-are-baseline-ancestors	019f576a,1bed1f247810	baseline@e6bdc0653a55c5c09a1af3742e74626b81c43217
T-0037d-environment-attachment-and-startup	build-protocol/tasks/T-0037d-environment-attachment-and-startup/TASK.md	Status: Complete and integrated	d4cd3c4a9bef847b89ee219fffef93d82379dc80,e0c1a5e31e82d1aa60220a1754eac67f7c0c8ba7	all-resolved-commits-are-baseline-ancestors	-	baseline@e6bdc0653a55c5c09a1af3742e74626b81c43217
T-0037e1-registration-detach-lifecycle	build-protocol/tasks/T-0037e1-registration-detach-lifecycle/TASK.md	Status: Complete and integrated	6e251516fc58bde058a715f61d9d74b971fe5a50,48768ef5d9e8bdfbe7c7922a7f1fee0845864696,ab42b249367693e2a5ccaeb73d60cb25169e2beb,8e1195799972da1fb7ac0a59db4cafa54ded2068,fb0650ae24d01064d19625f7846c4240e983105a,1ab44524aa0337daf7f62515f937c4bba0c03e90,4447cf563fa02c6a416e5adb3bcda652888d47ef,42f07b96f7774951a1c54b4d918048897508da94,9a4657470d3c45518f6150befbabdf367c03520b,2fe4b225476379434329aba7c62a6dcccafb78ad,d8ffc72ba6fb73ce837ba15bb7720b82b633963d,ed73178a67605068e28ac2461b90663f2caa636c,1d6c0f980bc88f563a8543e0eb545e012db18843,2c57d41c42d80678d52a4f2fcc1c13128112d9e7,7157662910417f8379c79005c3973e83108fd69b	all-resolved-commits-are-baseline-ancestors	-	baseline@e6bdc0653a55c5c09a1af3742e74626b81c43217
T-0037e2-reusable-generation-stop	build-protocol/tasks/T-0037e2-reusable-generation-stop/TASK.md	Status: Complete and integrated	8e3139ac650a7dfa7e64b2239333da951c888443,b0a09e3f959e5cb9542ce0d2bf0b01dc8b2d0889,bb97aa6400238a92526a671d61d065de06f248df,0ca3d79ddcc70e2ae85886b479b47dca408a5e45,dbe4df5563101c62ecdcbef779baa53818ade5c0,52b721c2b6999b149db1c2d4a5948f491b785282,d3e9d37d7a774dba76888cd815c0ec84a66bdab7	all-resolved-commits-are-baseline-ancestors	019f5b50,4cec3851ed28,019f5b68,0cb5f02deaae,019f5b74,e1e67372adf8	baseline@e6bdc0653a55c5c09a1af3742e74626b81c43217
T-0037e3-permanent-environment-close	build-protocol/tasks/T-0037e3-permanent-environment-close/TASK.md	Status: Complete and integrated	2f2ae4563f1bc3745a57607f1e0307534056ec95,68d907bb3fe07114ed39d9056f72c8c9bd788628,4928473c009252a80e3ea8f984ee0dc788d794d0	all-resolved-commits-are-baseline-ancestors	019f5b86,8072e13410fe,cceeded,019f5bca,de38a9a9006f,019f5bd6,90515561b218,feedbac,019f5c60,77566bd6b67c,019f5c64,b2c4512db91d	baseline@e6bdc0653a55c5c09a1af3742e74626b81c43217
T-0037f-server-lifecycle-integration	build-protocol/tasks/T-0037f-server-lifecycle-integration/TASK.md	Status: Complete; merged and post-merge verified	fac6aaadcd912d5c9b53cc21beb19d0f85bc6894,dc884b84dd6efa6f2d0a751b42625ffc96f57f16,df109b318ba8bd83b6d83bc766a8aee76648b529,71c7a9aab40fc438e5fde31bb847aace7ff09777,72e41729a7276a015ce21958c801a59b5c636e61,39c58aed3f6084a920133459064284d1ff544e81,42c392dc296ecffe7d8f98e4c16074c70e0d5341	all-resolved-commits-are-baseline-ancestors	019f5c76,85cb656545c8,019f5c85,a18906d8f175,cceeded	baseline@e6bdc0653a55c5c09a1af3742e74626b81c43217
T-0037p-agent-model-retuning	build-protocol/tasks/T-0037p-agent-model-retuning/TASK.md	Status: Complete; concurrent cap removed and re-reviewed clean	c1528f85a8737f84f9498b0809eada7cb12309e8	all-resolved-commits-are-baseline-ancestors	-	baseline@e6bdc0653a55c5c09a1af3742e74626b81c43217
T-0038-accepted-capability-audit	build-protocol/tasks/T-0038-accepted-capability-audit/TASK.md	Status: Complete; integrated, post-merge verified, and synchronized to origin	753408521e6b681c0428092c951ee98afd3d61d1,fedae6aa3dde83299056485772bd074f99b8e995,0062f8e7f76d9297b8d5b2ebbdb9fd401a09a84d,9addd3b0ad4b0074b2ac8461b7647aba208b4f8e,eae95a3e7d9b81000395183ffbcd61beb48cc5d7,0ddfb3add349aa58165b5fd3414915077e6879cd,359af4a6dfe5f4422135cc1eba1e1a3fa8b5a0d7,ac1d0f5eb9bde36b1dcc82aab763921b972848bc,a6f184eab5e1eae4b65316a3e85db50fabe20ccc,2a5062e3b2a729eff5538b2a8894c3ea7b443258,6488bfa98c3c859d500f4d7f16655c91be24640e,29db55b52ad08d595ef51f21597c0224414f43b3,485ad938d81e8a35e9cbea21c8e88aa263d4a11b	all-resolved-commits-are-baseline-ancestors	019f5ff1,fd3eba354f4e,019f5ff2,b814df4e44fa,26921d7d007c	baseline@e6bdc0653a55c5c09a1af3742e74626b81c43217
T-0038a-canonical-fallback-type-urls	build-protocol/tasks/T-0038a-canonical-fallback-type-urls/TASK.md	Status: Complete; merged and post-merge verified	753408521e6b681c0428092c951ee98afd3d61d1,9addd3b0ad4b0074b2ac8461b7647aba208b4f8e,6b5c1904baf0b89b78386823f4c9d9023f5e6099,5c8bd9c3e837130b00950f76b6be544fb2b06a0c	all-resolved-commits-are-baseline-ancestors	-	baseline@e6bdc0653a55c5c09a1af3742e74626b81c43217
T-0038b-context-transport-composition	build-protocol/tasks/T-0038b-context-transport-composition/TASK.md	Status: Complete; merged, post-merge verified, and pushed	1a682b0cfb7db4015bd662a2eb1d980d77453caf,9addd3b0ad4b0074b2ac8461b7647aba208b4f8e,b2a6e7e161aa0453067ef78fb1a975058681fd09,ae8f0f09fbd3a164628ab09229ec92645187d7c8,a69ae8676393e0711f287602384a033a207e9bdb,d4debde86bfcdf3a296b6723fc2fc1efdd37a001,ebdf959fead373826768bfb86d4484182734746a,adefe8c89fecc1d450ce305d361f76d8446f291b,1b19e7a26ffdbf420e6f12956f163258fe05e45d,b031fe84b13fbe32834468dd995c79572d59fadf,85d9fd8778f60cd6dcdcb069b6ffed31ae94c3a3,e354cf1089b8fa77a86e595caa28341369e40a5f,d9c2125641d1e7304044d44184d8568b581f59c1,3d8cd3a60939e38593874dba43ad0cc23d657b95,b08fca40f6a8be1d2fcbd80410b48565dd1690ed,ac1d0f5eb9bde36b1dcc82aab763921b972848bc	all-resolved-commits-are-baseline-ancestors	-	baseline@e6bdc0653a55c5c09a1af3742e74626b81c43217
T-0039a-canonical-spec-status-reconciliation	build-protocol/tasks/T-0039a-canonical-spec-status-reconciliation/TASK.md	Status: Complete; merged, post-merge verified, and pushed	78653b9aa4b881a1a2030756bcee9e147fc6e42c,ac1d0f5eb9bde36b1dcc82aab763921b972848bc,2fe64207c652fa60a32041153b84c9f0486b144b,86efa4af063a0bee437cd489ada3059f4716b65a,6b70e254c3479674e353819d2153ea75ed6b2b33,021524d24dd1108775524a26a7f09388e17c17b5,72537ba371edb474dc17a327bbaa80215bf105e3,5c153752501a43e84d131f17ee3a3d9899889af4,a5cc02b05db0bbfab24071d870babd87fc877d07,8e23914897bc9d3c20674b35c0bcc23e15108839,9062508f2ac8cc6d5a676342f2b71a1113a7e8e9,af77f675dd563dd3495d3132b4149332f958ca6d,19035485b3b2232e59f5d3e21459b0121d64b145,8aa1b7fde27bc16189edacad0adc2f286f353eb4,d9d1f49169baf0bf1d7807de17c613c7c2f3964f,7a0009417f1c3a83db0f3df8c6c56a1541a6b48e,0f3fbb7461b66cbcac53721585c944f640488e8d	all-resolved-commits-are-baseline-ancestors	-	baseline@e6bdc0653a55c5c09a1af3742e74626b81c43217
T-0039b-package-api-docs	build-protocol/tasks/T-0039b-package-api-docs/TASK.md	Status: Complete — remotely synchronized	0868ecca3f873406663bf7c208a7ccb6cc25d79c,fcef6d3527cb68fd3cba3195d19c4e169d58a9fe,769176d4cb43ea849202afe6930d1e7475d4d348,716aba30a9f4a661452d51daa3308cd6d7cc9887,f67c55b19ece6c9102aca6bf2664f05f95485d63,8324a8a04e35e228c5dd14494b6ce4af814a26a8,dea9a3625683fb7af79f854114cf12875b075280,81ab149229f73c5967ef042949dee4077403c328	all-resolved-commits-are-baseline-ancestors	-	baseline@e6bdc0653a55c5c09a1af3742e74626b81c43217
T-0039c-framework-user-guide	build-protocol/tasks/T-0039c-framework-user-guide/TASK.md	Status: Complete — remotely synchronized	aaa311161cece209f245bf41f440340816f19d3d,66a491e12972f942190cb1fd1ab83d4a89babf88,03d47b93e663c5cc15a2aedfbd336497de0160d5,6caf1c8ebb624a6d996d82de5c2cb85db59a2799,207ba2bc2b5896fd76dff1feed85fa8bae5dc20c,2028ffb951f23f55b499d80446ce63778aafda06,6ac65fea85c54f2cccb34dfab3e1e223f7e4758b	all-resolved-commits-are-baseline-ancestors	-	baseline@e6bdc0653a55c5c09a1af3742e74626b81c43217
T-0040a-local-multi-process-todo-mode	build-protocol/tasks/T-0040a-local-multi-process-todo-mode/TASK.md	Status: Complete - integrated, post-merge verified, and remotely synchronized	24d1ef37dca0d8bba5fa99e5da42b39d335007b6,35ce33f4f8661433ac5af08193754f4458f86060,c226af65408fad155424b677380e23daba36838d,a0c24e2b008fdc23eee4b63737f5f3485ce6ba7a	all-resolved-commits-are-baseline-ancestors	019f6102,7adf27c5e187	baseline@e6bdc0653a55c5c09a1af3742e74626b81c43217
T-0040b-todo-black-box-acceptance	build-protocol/tasks/T-0040b-todo-black-box-acceptance/TASK.md	Status: Complete - integrated, post-merge verified, and remotely synchronized	acd9f05cab7178af171a87ea5fa53d68018d5c4e,53881256d629f6693ead2b3f49a4a497938891c2,1708a9004f2f35533aa8ee522941f0f87e7b551b,da793703ef18fef73ae1853b5b2e1404372a7d0f	all-resolved-commits-are-baseline-ancestors	019f6226,081f3fcb8e38	baseline@e6bdc0653a55c5c09a1af3742e74626b81c43217
T-0040c-todo-readme-user-guide-closure	build-protocol/tasks/T-0040c-todo-readme-user-guide-closure/TASK.md	Status: Complete - integrated, post-merge verified, and remotely synchronized	526b7b4d64a81fd7b108b7e9f3f8d626fc34240c,fa5c1bade34c21bd3487127aae9449baa7e9c291,c8398a0bc1876e1639e25fa2d63c711dd4987ec9,6cb35cc365fb53d9b7a16b0580d36fc69a0ba664,7f9f595eb3cc33b8ed294a2e88f7237b810cec65	all-resolved-commits-are-baseline-ancestors	289ab6f7,b144b62ba764,9c1add31,431934a13d3f,612a1f83,3b7babc5008d,0232239e,a59e5e1d0dca	baseline@e6bdc0653a55c5c09a1af3742e74626b81c43217
T-0041-final-project-security-gate	build-protocol/tasks/T-0041-final-project-security-gate/TASK.md	Status: Complete - integrated, post-merge verified, remotely synchronized, and cleaned up	39f2c6f7b8a79ac899bc9ea835042519e37855dd,869a225dd1dc9b5d75e242effcfee00155f48e55,5714e97c69b921fef6bc69e1e13ef07f772e49cb,19728018f681d7acf6ba50ac1bb8d78b90de5710,ffd8549e104a531dae0017363008637fbe54a765,5a165d07f08d445bd36b27ee6694d8ac54802be2,b4274b06918c49d572bbd881755b16f715806ae3,113934d24f98ac8b763a8b521cc10f38a60cdebf,6f45be80655bf36b9455d4696c263e8647ecf35a,732409ffd9da2e86c6521c2733c356728d097d60,ed1d26c16cf18045afe0d12196a1ea79f2d48ec3,430b1eafc3fc8175e497e4d1149eee8fd175a092,173bf3b4b5984442e21575376cf59ff0def2735d,45fd558342d05a53d032167d602f5c93f602dfb4,c91d8bb5d55af9b4709999b3e0ea71d7289966ca,5f5fbd744a0af85daffae3fb9dca91f1f94491ac,d22946d2f1d3931d5a5b3a30c10fc03698ac6146,a0f40f043057275f3a52a13bac81045f10c8ac73,74665f829ad28f6c87696d1c9b88e35fa8faa19f,0d8135aa42a4be51fb79dfeaec914dda0bd5930a,182f2f960b2b880efbcbddbf015d357974451cdd,fe207c7e5292849329f226662944a6fe2fe2e72c,4b7b35411a051aab36b2bc5f5ea239c953412c28,569346555a18868d20febe302ac0ce97d9e03211,4e78f73f442ce4e2669f757d54ff84ddfffefd3e,68d54fc623f316cc23f45538523f88609e7f51fe,5dff87c18b55de9ffc09cc255c2975dae98dcbca,b70ecb08138d8507d5dd9b3ac430ac01cbbfac94,ac74c574e0c476986a7689ceb7ad5fe5454004db,05ed310965755af83ba771d1bb45be5088d03ede,fa5e4b654c35af6c2bfd3481aa8eefd390ce3201,44d5a140357fd95044a9223e40e77888cb7c130a,cbad2d7865ba2c4c61abb6425fa3e5b26791f2d4,6791185d146bea5e9067b8e273c935e2106dbfd7,0b7fa354562d7599bd63621ef6a5f44695506cc1,2da01c9067e08245b7d8c7ee68f596914696fa2b,b9f1ea58002a24f4af98cfb5f6168ed208a7347f,05d218dbf2d5f9786201d5ebc573df6c6d447aff,c7f8a90128099395da8901a0d05cff7a726b589b,1ba74c5cbc6dd2f2b0190e739eb369cc14166812,fdd9da0af9071c5815c7f212e3c002fb1195fdbd,a5039140bf6f6c27a827a8e1619bf11b30a485ac,d72e264e95acdbb123361d0b2989352e0a2e16d9,da730e0479d3c1b202895d94abd265b0c2ce3184,ace8b0c31784b11ddb57e4428303fb8b9b8c27de,be925aa32a5108950e3c7156f78234a062de3aaa,4b3c30cd10b25e985096c7e0aafda15323078d70,031f497eb5e66f453d26cbdf4d40710001834b12,cfd8658a9d45c79b98fdfb74401297481b25d521,f37c38016196f9a8a622f78f2987d82a8a83e07c,deac219862b403f1deed44c62fbbf8122e2d44ef,6f0ea76eca132c8a790115273307585c7179889b,836ff533dceaae295c6e1a27e6491e5c98cf5747,255c26c133b9f4716c4c31689af10062802aa455,9cf1993287de8d916356e81894092638098266a6,a0b7993c9b6ee3ae680714292a1386dfdd9ca6a8,3a6026a4763d8356e2be5d6106614c2d5c56ee5b,caf59f582c2164d025a0294070571ac7296c5e2d,93d4dff90fc238702cdc19c1efd3c29cb6c72d8a,f3006a14e35517f2bc068b9b29a61fb60bd042ce,9694fb861146b9495a4d82d59a2f36623bff11cc,cbe3bf533448c00d17cb28d00bdf7fe5c551c8cf,a70a9d019efa8c6490f1238ab9bd80ec5569a531,feb7b764a2a67cf2e361105d62b233b3a99ee872,1e47e351118174d85e419d3c08c9adb2ee80f83b,6771c71e27d606b93d522b77d9988de1f1e77317,9a3ce8f8ab27547be1566f62f7fda6913660d5fb,337ed3802307851e496ba0ef1b45612123cd48fb,621bf2b2b7ceef925cba1e2d818db476848015fe,c0bebd10ff5baa87eb7c61232b9b8faf9ac0dcc0,4e8ca55192b5708be1656ead57b0e070e928dcf0,7f042485f71cee9464185c24314dacb9964a7d22,1ba204ef9fdfd38ed89e5584f76b2a5027ef2db2,9bc571cfba47ae818c1eff607926ef73ce816f36	all-resolved-commits-are-baseline-ancestors	019f62d7,61d25dff9e23,019f62cb,d1ba22ff48c4,019f62e5,7f7991ffe7a5,ffffffff,019f6326,cb126e2a8b3f,019f6329,177f5e01deca,825e15f837f4,019f6328,9c7151aee82d,019f633d,bf42a589a6db,4fcae0beeeed,dd17692f4252,019f633f,8cd8f3dea9c0,019f6354,46180b16e05c,aced62f14e6d,6967eba71850,019f6356,3166033fdea6,019f6367,f8629e98e664,1d49c24d0a7e,af00b5711d4b,019f6369,31f3a390de96,019f63af,32123ff926a9,6ec6a2bd6138,019f63b1,a95d39e9c868,5dbef9a5684d,019f63cf,30ddeba05379,929936409252,3405844fae99,019f63d2,50ba4e2a1a95,019f63e2,afe45db0c852,933f733d1a98,9fbca2ac27d1,019f63e4,02076c8f6bee,019f63ea,4f6f704b119b,019f63f4,9f626ee6bf28,019f6407,3829fd813fde,1614d780e33f,8f963766b6df,019f6409,0ad9fa094812,019f6416,ded1eb50e4a3,043968dfeeb3,ea36620c6afd,019f6418,dc3eaaf94c91,019f641c,e1354130ec56,019f6432,f1760b376bd7,660f6f61ee1f,ab296761a92a,019f6434,4b127fbb5b32,019f6447,a369ee72532e,0ac7487e2915,50ad057aee45,019f6449,51e6f855e02a,019f6457,c8f1810ca278,6ea33d4f400a,cc3468d806de,019f6459,86c472a0e132,019f645f,c8c1cc59329b,019f646c,faed12248409,fc382b6b2b28,2a94d6b0be96,019f646e,a7b1f5cf541c,019f6473,998ef9bdd43a,2147483647,019f647d,14ad056f5489,019f6491,002b3886ef8d,a58ad685e7f9,683315ef695f,019f6492,4c55c26aa939,019f6498,2542e1f36431,019f64ab,1d0a68d054e2,29e4f5ec9c17,9903f64dee03,019f64ad,950c6b1b2f7b,019f64b3,d6df74a2411c,019f64c3,984bd75e3605,4c5a466508b5,adc45de972d1,019f64c6,e427c5c850da,019f64cd,908620ad0565,019f64d9,a8a80886361b,6dceb485ebb9,dc73260feb7e,019f64db,c5e73381b966,019f64e1,5a62005c7b11,019f64ef,db07d66cf461,fc966a67fd9c,b06708c22450,019f64f1,3955be772701,019f64f8,5792d886d8ad,019f6507,fe7fdc49606f,a65a29b7953d,ca077c76e0c1,019f650a,f414b04fcde9,019f651b,5d724ed0ff48,182a7340674e,180ca449e3bd,019f651d,0aa0b612743a,019f6534,4076ed9abbd6,ffd9f67fc2a4,2918b0b4cf3e,019f6536,173bae2354cb,019f653b,f35ad44270d2,019f6555,25f04763a446,abc7e6c7e279,813d44d5fa24,019f6557,4bdf0a09ea79,019f6567,f5622771c8d2,019f656c,3f4bb8151057,019f6575,3ef51476c44b,019f658b,88d275dcd054,33554432,019f65a4,9fa1c69621ec,11e419328364,019f65a6,8393ee0648bf,57e9bb9b8e46,019f65a8,1a3b4877e13f,019f65ae,d3ddfbc785d7,019f65b3,a9ede2224dda,019f65eb,cada7d23c056,019f65f6,882113a53f9e,019f660c,3ba26c100799,7c20c88a959f,24c1243c3030,172d5316e831,019f6635,6f2a365ff5c6,b31f79313cfd,8fdc2ecadeb6,019f6636,6ce36ae87e54,019f664b,6d3df4e85ea8,776b9bd58c1e,01f285973de3,019f6665,f9fd1fb4eea4,8ffe3902836c,b2e07cced2b4,019f6677,8f2098259dc1,9216cc3a1325,143d3b9d4295,019f668d,6e2335d80b6c,003979feacb2,132e8c17e065,019f669f,5d8d17057b61,57e7c3836328,22e1ac904d93,019f66a7,3eb1c791bf46,52bd8b68cbb3,642a463d17b8,019f66ab,7052210d7ff9,019f66b8,930f2e5b7f57,019f66d4,8fbc34723e23,a89381d2b46f,019f66e3,9eacff8b49ce,fee4cc90d4cf,019f66ee,67d365074303	baseline@e6bdc0653a55c5c09a1af3742e74626b81c43217
T-0042-release-readiness-project-closure	build-protocol/tasks/T-0042-release-readiness-project-closure/TASK.md	Status: Complete - integrated, verified, remotely synchronized, and cleaned	7678d36c22d81effdfefe2981b2253e68f959221,4e5d9c662a649e0752e8f7a08d0e54a25a3902da,e52183ab65337da24378dd32a8e440948feb939e,db7dc05bc89e9e795602c51c1f469512cc763dfd,4d2d07768503b6f1f55e88b19d5d384fa17e2b2a,15b5ef383dc63c7ccfc94709400375ccc3591ba8,278647baf53a15a4c8d041b56d733ef0abe05f38,2a7e4652ae66116bc390879bd46fcad860508f14,b3bb4adb461c74ac6682e3e6120689fe6ca04f8b,40d48f1b1f0724e8e2f9ad68ea84652929ba8a84,05e256aae02d8353b580fc3d31f8c18682a8f500	all-resolved-commits-are-baseline-ancestors	019f6718,e83591cba9ca,cceeded,019f6737,3cfb9cd34831,160b434de111,475534730170,019f6741,6ef588d9716b,1adb22f6e656,9e274ad3754f,019f6749,9912ef368c15,efc093954ed1,019f6752,170a6289c57c,019f675d,17aa57499b34	baseline@e6bdc0653a55c5c09a1af3742e74626b81c43217
T-0043-zeromq-multipart-upstream-research	build-protocol/tasks/T-0043-zeromq-multipart-upstream-research/TASK.md	Status: Complete - integrated, verified, remotely synchronized, and cleaned	c9a558715b7d273aa3888f616777dd209e5d67aa,529d01bb931b6d13a3ced689bb969d47b83b6625,9038eb7787289466722291298797e7e376f76dcb,31fc4bbe81c6cd92491db844d13bb0da15a596a6	all-resolved-commits-are-baseline-ancestors	-	baseline@e6bdc0653a55c5c09a1af3742e74626b81c43217
T-0044-first-class-domain-rejections	build-protocol/tasks/T-0044-first-class-domain-rejections/TASK.md	Status: Complete - integrated, verified, remotely synchronized, and cleaned	1aa345ae25de9ca392310a4d7fa036a5ab2f8ec8,e5147c3a0442b5f71c74c5bd3bdaa68947f7ea36,744913433ccc37332c444e4890935fbdd28fefcd	all-resolved-commits-are-baseline-ancestors	019f6a9d,0a4e981ad373	baseline@e6bdc0653a55c5c09a1af3742e74626b81c43217
T-0045-project-management-load-test	build-protocol/tasks/T-0045-project-management-load-test/TASK.md	Status: Complete; committed and ready for remote synchronization	-	no-resolved-commit	-	record-only/no-commit-evidence
T-0046-firestore-storage-extension	build-protocol/tasks/T-0046-firestore-storage-extension/TASK.md	Status: Completed, merged, post-merge verified, and pushed	1d4d94c5f2b12acc1521876d7f5aa5b6ee4563f6,cca9978eadb36b696d6f495a571c82ee287a4dd2,12ed11e8c0773d963a4769c9978c464d7e3c6ec1	all-resolved-commits-are-baseline-ancestors	-	baseline@e6bdc0653a55c5c09a1af3742e74626b81c43217
T-0047-core-jvm-ts-extra-concepts-analysis	build-protocol/tasks/T-0047-core-jvm-ts-extra-concepts-analysis/TASK.md	Status: Complete; committed and ready for remote synchronization	-	no-resolved-commit	-	record-only/no-commit-evidence
T-0048-project-management-coverage	build-protocol/tasks/T-0048-project-management-coverage/TASK.md	Status: Complete; integrated, post-merge verified, and remotely synchronized	6262fe939815a43efed62a949faf95b64420cd1a,2aca4dc11d5f2367263e4f0ddf62c84d772bc427	all-resolved-commits-are-baseline-ancestors	-	baseline@e6bdc0653a55c5c09a1af3742e74626b81c43217
T-0049-user-guide-datastore	build-protocol/tasks/T-0049-user-guide-datastore/TASK.md	Status: Completed, merged, post-merge verified, and pushed	f421b7e3c4f0cca9b72b0a5db7352ccc019e1d06,659a13f7c2157a50371af147f2112b12b3595ae9,a619457727790fa90670b8f6a5cc6aeae39a1bee	all-resolved-commits-are-baseline-ancestors	-	baseline@e6bdc0653a55c5c09a1af3742e74626b81c43217
T-0050-convergent-review	build-protocol/tasks/T-0050-convergent-review/TASK.md	Status: Completed, merged, and post-merge verified; closure record requires	92a0ab98ec536bf34f3068fcda543b0b7d0983c5,5564729d543d87defd8cc390c64554a07f25fa5f,fb1b9088e41d1b580f34655f96308127491f09be	all-resolved-commits-are-baseline-ancestors	b569d834176ceb293ab63820ee8d94bcec6aa5db	baseline@e6bdc0653a55c5c09a1af3742e74626b81c43217
T-0051-storage-rdbms	build-protocol/tasks/T-0051-storage-rdbms/TASK.md	Status: Complete; merged to main, post-merge verified, and pushed	1a33114712513aeac56c707d7da035c581ab8e3e	all-resolved-commits-are-baseline-ancestors	1b778327a6d24c9834102af86e18f9c532b8ac98	baseline@e6bdc0653a55c5c09a1af3742e74626b81c43217
T-0052-jvm-feature-parity-wave-1	build-protocol/tasks/T-0052-jvm-feature-parity-wave-1/TASK.md	Status: Planning packet accepted, merged, verified, and pushed; T-0053/T-0054 integrated, T-0055 next	322cf2984d9c48462b37e723607727387ada6d63,6d2c4a11e3e300dddad8ea4a4f7eb427147da06f,ed63277c82ee388171a46731ec6aca98ac4c298b	all-resolved-commits-are-baseline-ancestors	a408b0d70dafd603efc55b89c8b4b6f3e8c19d3b,21f2901f393e552208b97166f4eaeb942f9f5172	baseline@e6bdc0653a55c5c09a1af3742e74626b81c43217
T-0053-frozen-protobuf-intake	build-protocol/tasks/T-0053-frozen-protobuf-intake/TASK.md	Status: Complete, reviewed, integrated, post-merge verified, and pushed	2bdbc903ba895e461448c0110d076f89a724ef76,2ea8144fdcf5b382b55a01770003813c3412b2c4,42e375e70ddad4e98056098203eb374bb8508db5,4e3a68a9ff7fcd3df59cecc40e7025d42e4f4e5c,7db798dc6bd080d32f22fcffb37c36acb06dbd84	all-resolved-commits-are-baseline-ancestors	a408b0d70dafd603efc55b89c8b4b6f3e8c19d3b,21f2901f393e552208b97166f4eaeb942f9f5172,57d3dd98fea8efcdc4a3843f91143acc2dce87dc,91d52690603722a4fb2a49dc9a77b0e06e7a0d56	baseline@e6bdc0653a55c5c09a1af3742e74626b81c43217
T-0054-transactional-entity-update	build-protocol/tasks/T-0054-transactional-entity-update/TASK.md	Status: Complete, reviewed, integrated, post-merge verified, and pushed	09d405d31027de4aa1868329194e2e59c1469eb6,0a22178b5170cf7e626d58ded6793775a4e35b03,ad6499c32dec300c3468c5e67196410a55132821	all-resolved-commits-are-baseline-ancestors	-	baseline@e6bdc0653a55c5c09a1af3742e74626b81c43217
T-0055-server-environment-singleton	build-protocol/tasks/T-0055-server-environment-singleton/TASK.md	Status: Complete; integrated, post-merge verified, and pushed	a079c900c33945d69814bbc1388adbdebd978cf0,b374ac711d673e3616ca7ea1c586c10e7946e351,8b1990f4e3e335ea08bfbbc7217074ae8accd688	all-resolved-commits-are-baseline-ancestors	-	baseline@e6bdc0653a55c5c09a1af3742e74626b81c43217
T-0056-projection-column-model	build-protocol/tasks/T-0056-projection-column-model/TASK.md	Status: Complete; integrated, post-merge verified, and pushed	55b460b6c11bc2597278194eb5275bcb19dea8b9	all-resolved-commits-are-baseline-ancestors	-	baseline@e6bdc0653a55c5c09a1af3742e74626b81c43217
T-0057-projection-query	build-protocol/tasks/T-0057-projection-query/TASK.md	Status: Complete — integration pending	eb810f4832d55da7aa4fb3ee6c328c78625c6f56	all-resolved-commits-are-baseline-ancestors	-	baseline@e6bdc0653a55c5c09a1af3742e74626b81c43217
T-0058-client-facade	build-protocol/tasks/T-0058-client-facade/TASK.md	Status: Complete	9a247c77137a6f9fed6539b5b9ea8068dafff51a	all-resolved-commits-are-baseline-ancestors	-	baseline@e6bdc0653a55c5c09a1af3742e74626b81c43217
T-0059-client-subscriptions	build-protocol/tasks/T-0059-client-subscriptions/TASK.md	Status: Complete	11a549259aedd8b464e85890e3a486433077685d	all-resolved-commits-are-baseline-ancestors	-	baseline@e6bdc0653a55c5c09a1af3742e74626b81c43217
T-0060-runner-neutral-black-box	build-protocol/tasks/T-0060-runner-neutral-black-box/TASK.md	Status: Accepted for integration	de0a5867923bdc7cadd372d1c88b4f1827ecc57e	all-resolved-commits-are-baseline-ancestors	-	baseline@e6bdc0653a55c5c09a1af3742e74626b81c43217
T-0061-public-delivery	build-protocol/tasks/T-0061-public-delivery/TASK.md	Status: Accepted for integration	3f284a4a783cbdb390964a312b09d5facc00648c	all-resolved-commits-are-baseline-ancestors	-	baseline@e6bdc0653a55c5c09a1af3742e74626b81c43217
T-0062-delivery-client	build-protocol/tasks/T-0062-delivery-client/TASK.md	Status: Complete; reviewed and fully verified before integration	dee92556fa9bc27e779137286786dee4981d780b	all-resolved-commits-are-baseline-ancestors	-	baseline@e6bdc0653a55c5c09a1af3742e74626b81c43217
T-0063-delivery-scheduler-supervisor	build-protocol/tasks/T-0063-delivery-scheduler-supervisor/TASK.md	Status: Complete — integrated, post-merge verified, and remotely synchronized	f2558ec51ef509ed2c0796655c7699c2608cac5e	all-resolved-commits-are-baseline-ancestors	-	baseline@e6bdc0653a55c5c09a1af3742e74626b81c43217
T-0064-in-memory-delivery-server	build-protocol/tasks/T-0064-in-memory-delivery-server/TASK.md	Status: Complete; integrated, post-merge verified, and pushed	3693d93f610df0fe7d602a2f91c3df55645d49fb,96f7cc3137f62694367569fe9bf0a3e71ac415b6	all-resolved-commits-are-baseline-ancestors	21f2901f393e552208b97166f4eaeb942f9f5172	baseline@e6bdc0653a55c5c09a1af3742e74626b81c43217
T-0066-multi-machine-delivery	build-protocol/tasks/T-0066-multi-machine-delivery/TASK.md	Status: consolidated review corrections complete; affected re-review ready.	93ebf8808ebbdcc8e48348107fbc2179505dc8d4,d6a5921b7defac4b3c1733547beeda0c70f670bf,6d35cc985e82cd5e7d63234f5707244cc7c79ddd	all-resolved-commits-are-baseline-ancestors	-	baseline@e6bdc0653a55c5c09a1af3742e74626b81c43217
T-0066a-supervisor-empty-run-coalescing	build-protocol/tasks/T-0066a-supervisor-empty-run-coalescing/TASK.md	Status: complete review-wave correction implemented; focused re-review ready.	93ebf8808ebbdcc8e48348107fbc2179505dc8d4	all-resolved-commits-are-baseline-ancestors	-	baseline@e6bdc0653a55c5c09a1af3742e74626b81c43217
T-0067-wave1-closure	build-protocol/tasks/T-0067-wave1-closure/TASK.md	Status: complete; integrated and post-merge verified.	893d87563e7020584efa35f12c3fe46e8a665ef7	all-resolved-commits-are-baseline-ancestors	a408b0d70dafd603efc55b89c8b4b6f3e8c19d3b,21f2901f393e552208b97166f4eaeb942f9f5172	baseline@e6bdc0653a55c5c09a1af3742e74626b81c43217
T-0067a-client-core-reference	build-protocol/tasks/T-0067a-client-core-reference/TASK.md	Status: closed; merged and post-merge verified on `main`.	4e3b43d6d7eb82937372b38b5f849ff5fe25d0b8	all-resolved-commits-are-baseline-ancestors	-	baseline@e6bdc0653a55c5c09a1af3742e74626b81c43217
T-0067b-dev-audit-refresh	build-protocol/tasks/T-0067b-dev-audit-refresh/TASK.md	Status: closed; merged and post-merge verified on `main`.	b45a46553431d12de05d82b0a7b2b8fdd0437773	all-resolved-commits-are-baseline-ancestors	-	baseline@e6bdc0653a55c5c09a1af3742e74626b81c43217
T-0068-jvm-feature-parity-wave-2	build-protocol/tasks/T-0068-jvm-feature-parity-wave-2/TASK.md	Status: Complete	-	no-resolved-commit	-	record-only/no-commit-evidence
T-0069-package-namespace	build-protocol/tasks/T-0069-package-namespace/TASK.md	Status: Complete	-	no-resolved-commit	-	record-only/no-commit-evidence
T-0070-shared-history-storage	build-protocol/tasks/T-0070-shared-history-storage/TASK.md	Status: Complete	-	no-resolved-commit	-	record-only/no-commit-evidence
T-0070D-datastore-history-adapter	build-protocol/tasks/T-0070D-datastore-history-adapter/TASK.md	Status: Complete	-	no-resolved-commit	-	record-only/no-commit-evidence
T-0070R-rdbms-history-adapter	build-protocol/tasks/T-0070R-rdbms-history-adapter/TASK.md	Status: Complete	-	no-resolved-commit	-	record-only/no-commit-evidence
T-0071-repository-history-cutover	build-protocol/tasks/T-0071-repository-history-cutover/TASK.md	Status: Complete	-	no-resolved-commit	-	record-only/no-commit-evidence
T-0072-generic-entity-query	build-protocol/tasks/T-0072-generic-entity-query/TASK.md	Status: Complete	608fb80ad3032ce61538158576e498a32b34125d,69d43c0a55953c5761145859bb36cef618ef2942,74d0192ab099cedbbd9e91bada741be1a34e9d2d,bfa2418ff55776417545e031f815e7033d57371e	all-resolved-commits-are-baseline-ancestors	-	baseline@e6bdc0653a55c5c09a1af3742e74626b81c43217
T-0073-proto-model-tooling	build-protocol/tasks/T-0073-proto-model-tooling/TASK.md	Status: Complete	5240b44f78c817613e42c46d1407edf9688d4157,7eb1a616595a132218b4e76491c6b5bf95750bf4	all-resolved-commits-are-baseline-ancestors	-	baseline@e6bdc0653a55c5c09a1af3742e74626b81c43217
T-0074-wave4-browser-interoperability-plan	build-protocol/tasks/T-0074-wave4-browser-interoperability-plan/TASK.md	Status: Complete	-	no-resolved-commit	-	record-only/no-commit-evidence
T-0075-wave4-browser-interoperability	build-protocol/tasks/T-0075-wave4-browser-interoperability/TASK.md	Status: Complete	470cd41f3f3f15be4c8df5ba0dad7c01b452fa72,771058901e932f1ecd4df7e90a6a53079b8406f9	all-resolved-commits-are-baseline-ancestors	-	baseline@e6bdc0653a55c5c09a1af3742e74626b81c43217
T-0077-dirty-worktree-recovery	build-protocol/tasks/T-0077-dirty-worktree-recovery/TASK.md	Status: Accepted for integration.	f826acec616699340653e9445f096af144f3dc16,def03a41dc187205ede71c1101afba05a7f603f4,39e64841f54f08455fd22c92ddb349fee600f76e,5240b44f78c817613e42c46d1407edf9688d4157,470cd41f3f3f15be4c8df5ba0dad7c01b452fa72,608fb80ad3032ce61538158576e498a32b34125d	preservation-only-or-mixed	-	baseline@e6bdc0653a55c5c09a1af3742e74626b81c43217; rescue/dirty-root-20260729 (preservation-only/non-integration)
T000-autonomous-process-bootstrap	build-protocol/tasks/T000-autonomous-process-bootstrap/TASK.md	Status: Historical/closed	-	no-resolved-commit	019f09b8,9f28f5696b46	record-only/no-commit-evidence
T001-repository-tooling-bootstrap	build-protocol/tasks/T001-repository-tooling-bootstrap/TASK.md	Status: Historical/closed	-	no-resolved-commit	-	record-only/no-commit-evidence
